chunk_id,doc_id,chunk_ordinal,content_hash,text,heading_path,source_title,source_url,category,topic,last_updated,financial_year,version,status,superseded_by,indexed_at,embedding_text,embedding
7fe454244d2739708b3484ddecf4937fe44afb38#0,7fe454244d2739708b3484ddecf4937fe44afb38,0,2ee14068af3e218d74a4ca48f13cbd7c19cbbab05b074687c632b702f41e93fa,"# Tax rates – Australian resident

These income tax rates apply to individuals who are Australian residents for tax purposes for the full income year.

The rates below **do not include the Medicare levy of 2%**.

Use these rates to work out the tax on your taxable income for the relevant income year.","{""Tax rates – Australian resident""}",Tax rates – Australian resident,https://www.ato.gov.au/tax-rates-and-codes/tax-rates-australian-residents,tax-rates-and-codes,,,"{2020-21,2021-22,2022-23,2023-24,2024-25,2025-26,2026-27}",1,active,,2026-09-29 03:59:56.345739+00,"# Tax rates – Australian resident

These income tax rates apply to individuals who are Australian residents for tax purposes for the full income year.

The rates below **do not include the Medicare levy of 2%**.

Use these rates to work out the tax on your taxable income for the relevant income year.","[-0.04446411,0.028656006,0.06222534,0.002439499,0.021499634,0.040618896,-0.0149383545,-0.01637268,-0.0019426346,-0.02355957,0.0047035217,-0.019546509,0.030883789,0.0047454834,0.036865234,0.016693115,0.014251709,-0.014251709,-0.03869629,0.044158936,0.060180664,0.00076150894,-0.012542725,0.013679504,-0.01007843,0.011154175,-0.04067993,-0.02482605,-0.022949219,0.01789856,0.0049057007,0.0017557144,0.037017822,-0.0030975342,-0.0096588135,-0.022506714,-0.035369873,-0.037017822,0.056884766,-0.04446411,-0.05279541,0.04626465,0.015449524,0.043060303,-0.050354004,-0.009414673,0.004360199,-0.026382446,-0.026000977,0.01574707,-0.03074646,-0.007965088,0.018920898,0.070129395,-0.056671143,0.013412476,-0.0064086914,0.0029449463,-0.0055160522,-0.02293396,0.056030273,0.05126953,0.030273438,-0.04168701,-0.027664185,0.033935547,-0.011184692,0.04071045,-0.014808655,-0.064941406,0.020996094,0.023590088,0.056365967,0.0019226074,0.021636963,-0.045684814,0.010314941,-0.0043678284,0.014465332,-0.030380249,-0.008049011,0.027954102,0.02658081,0.00040006638,0.02810669,0.0473938,-0.029251099,-0.013130188,-0.04458618,-0.055755615,-0.010391235,-0.035247803,-0.012481689,-0.022277832,0.011795044,-0.02166748,-0.017440796,-0.0040626526,0.002008438,-0.010894775,0.07531738,0.022125244,0.00044083595,0.019805908,0.070495605,0.011108398,-0.058898926,-0.013305664,-0.02305603,0.0051956177,-0.010101318,0.04257202,0.0019264221,0.03930664,-0.0018911362,0.019470215,-0.039001465,0.037109375,0.047698975,-0.011253357,-0.018844604,-0.004878998,-0.026672363,0.017532349,0.056793213,-0.008552551,-0.035949707,0.009788513,-0.04473877,0.005332947,0.027297974,0.03717041,0.021636963,-0.005947113,-0.049194336,-0.006828308,0.051696777,0.017990112,-0.0019159317,-0.06072998,0.064697266,0.032928467,-0.0018053055,0.04333496,0.0006971359,0.009391785,-0.0082473755,-0.015853882,0.0013875961,-0.0061035156,-0.028259277,0.0005030632,-0.009155273,-0.016189575,-0.008094788,0.025009155,0.020095825,-0.020736694,-0.013336182,0.06390381,-0.0619812,0.018997192,-0.03564453,0.014526367,0.04562378,0.011993408,-0.020095825,-0.061676025,-0.047576904,-0.032806396,-0.052642822,-0.017929077,0.02508545,-0.042022705,0.010101318,-0.03845215,0.029678345,0.011802673,-0.004886627,0.031585693,-0.030670166,-0.0015335083,-0.008018494,0.011070251,-0.00044727325,-0.04827881,0.010070801,-0.0005517006,0.023452759,0.0068130493,0.049224854,-0.038909912,0.025375366,0.061340332,-0.05303955,-0.0013360977,0.012924194,-0.010566711,-0.034057617,-0.030441284,0.027359009,-0.0060806274,0.06323242,-0.009414673,-0.00258255,0.0014600754,0.009605408,-0.021209717,0.015167236,0.016479492,0.0446167,-0.016708374,0.008865356,-0.0011835098,-0.00022232533,0.00730896,-0.012588501,-0.0037117004,0.070007324,0.04232788,0.001739502,0.012802124,-0.011779785,0.035003662,0.0012083054,0.0019483566,-0.016342163,0.020095825,0.003025055,-0.029083252,-0.021911621,0.01235199,-0.0027313232,-0.04949951,0.005935669,-0.009437561,0.009544373,-0.07519531,-0.036224365,-0.02456665,-0.015075684,0.021728516,0.016952515,0.024459839,-0.015220642,-0.03994751,0.024505615,-0.036224365,0.021194458,0.013542175,-0.02470398,-0.035064697,0.03024292,-0.009864807,-0.008148193,-0.0021514893,0.023391724,0.064208984,0.010383606,0.022445679,-0.016998291,-0.03744507,-0.0024604797,-0.054779053,0.007926941,-0.0104522705,-0.018798828,0.039123535,0.038391113,-0.01600647,-0.016220093,0.009124756,0.019256592,-0.032165527,-0.023880005,0.042877197,0.066711426,-0.039520264,-0.018814087,0.020736694,-0.020004272,0.026824951,0.046783447,-0.036956787,-0.021499634,-0.06689453,-0.022079468,0.017211914,0.01940918,-0.013214111,0.04473877,0.02041626,-0.047302246,-0.04812622,0.0017118454,0.002714157,0.051757812,-0.07043457,0.013015747,0.009407043,-0.017211914,-0.010643005,-0.026290894,0.0020885468,-0.015182495,0.017807007,0.008476257,-0.013725281,0.0010566711,0.03125,0.013336182,0.03967285,0.01689148,-0.011802673,0.052459717,0.006465912,0.016204834,-0.031677246,0.00064229965,-0.010154724,-0.005592346,-0.014198303,-9.137392e-05,-0.0025691986,0.017181396,8.8989735e-05,-0.031555176,0.005748749,-0.021408081,-0.04067993,-0.00623703,0.020446777,0.007858276,-0.025970459,-0.0056152344,0.048034668,-0.0024986267,0.009849548,-0.03414917,-0.024658203,0.0063209534,-0.0007543564,-0.026290894,-0.029037476,-0.0011739731,-0.006668091,-0.00315094,0.017364502,0.013801575,-0.015060425,-0.0146484375,0.016708374,-0.031829834,-0.029052734,-0.04284668,0.0053596497,0.06756592,-0.038146973,-0.046051025,0.049194336,-0.052947998,0.0013227463,-0.00033903122,-0.013298035,-0.018035889,0.007671356,-0.054870605,-0.012016296,-0.00035858154,0.0062065125,0.023071289,0.020401001,0.037384033,0.0055503845,0.025634766,-0.033721924,-0.009223938,0.030731201,0.04473877,-0.018157959,0.024795532,-0.015304565,0.031677246,0.00995636,0.027877808,-0.006713867,0.020523071,-0.019760132,0.01058197,-0.017211914,-0.024108887,0.011856079,0.01108551,0.02432251,0.02520752,-0.017471313,0.0011005402,0.072143555,0.034576416,-0.008895874,0.022567749,-0.0039634705,0.031173706,-0.019561768,0.016571045,0.019699097,-0.045013428,0.0048561096,0.032928467,-0.04147339,-0.014381409,-0.022003174,-0.028762817,0.018798828,0.039093018,-0.018875122,0.033355713,0.07104492,-0.011749268,-0.046295166,-0.019454956,-0.025756836,0.00018084049,-0.03378296,-0.021148682,-0.0095825195,0.03302002,-0.020355225,-0.07220459,0.017532349,0.0049438477,0.036499023,-0.049346924,-0.010673523,-0.023010254,0.041534424,-0.0036392212,-0.026809692,0.018569946,0.04574585,0.00020897388,-0.017211914,0.013473511,-0.028823853,-0.041229248,0.026397705,-0.030197144,0.017318726,0.0473938,-0.019363403,-0.03414917,0.038085938,0.011543274,-0.046020508,-0.010475159,0.0051002502,0.009338379,0.015586853,-0.0152282715,-0.027877808,0.036621094,0.00088500977,6.622076e-05,-0.04272461,0.014312744,-0.019012451,-0.023086548,0.0032310486,-0.008308411,0.031341553,0.025894165,-0.012268066,-0.0011005402,0.0149383545,0.038360596,-0.008972168,-0.025512695,-0.04776001,0.051849365,-0.013153076,-0.05722046,-0.005176544,-0.037963867,0.039367676,-0.032684326,-0.04940796,0.07647705,0.036895752,-0.020095825,0.0046920776,0.012565613,-0.031433105,0.07043457,-0.003643036,0.022216797,-0.012207031,-0.011489868,-0.02947998,-0.009674072,0.00065231323,-0.05050659,-0.009880066,0.046783447,0.03970337,0.03930664,0.021575928,0.021438599,0.0027751923,-0.02822876,0.0435791,0.012001038,-0.009025574,0.003107071,0.015579224,-0.0017375946,-0.0121536255,-0.008934021,0.013198853,0.011436462,0.024429321,0.0055351257,0.057769775,0.008857727,-0.02330017,0.0023326874,0.031463623,-0.0018577576,0.00024437904,0.0014696121,-0.074157715,-0.008605957,0.011764526,-0.024093628,-0.0017662048,-0.02407837,0.027954102,0.038238525,0.0012893677,-0.060791016,-0.039611816,0.0049591064,0.024673462,-0.020858765,-0.019515991,0.010917664,0.027252197,0.005924225,-0.027755737,-0.019088745,-0.039245605,0.010040283,-0.010795593,0.035247803,0.018814087,-0.027786255,0.02507019,-0.005332947,0.019515991,-0.03540039,-0.018692017,-0.0043296814,-0.023788452,-0.031707764,0.0048332214,0.037872314,0.026931763,-0.004749298,-0.028533936,0.01689148,-0.0013132095,0.046020508,-0.024780273,-0.0070762634,-0.05380249,-0.028717041,-0.0013875961,-0.051330566,-0.0005879402,0.04446411,-0.016906738,-0.024612427,0.043121338,-0.01940918,0.0016784668,-0.014450073,0.046844482,-0.046905518,0.000916481,0.0048713684,0.0013227463,0.01423645,0.011787415,0.013153076,-0.006450653,0.011070251,-0.008979797,0.009559631,0.011756897,-0.005554199,0.014144897,0.026443481,0.006401062,-0.02015686,0.05203247,0.004878998,0.022521973,-0.018188477,-0.0015277863,-0.041229248,-0.0018262863,0.01663208,-0.01096344,0.019607544,0.019744873,0.0046424866,-0.044128418,-0.030258179,-0.005340576,-0.029144287,-0.0032367706,0.015838623,0.011695862,-0.0021800995,0.016586304,0.03604126,0.015045166,-0.029953003,-0.028427124,0.020690918,0.010253906,0.0061798096,0.026885986,0.016326904,-0.005870819,7.921457e-05,-0.028884888,0.0007863045,-0.009529114,-0.008514404,0.011169434,0.013343811,0.054473877,0.022491455,0.021484375,0.011100769,-0.029449463,0.007484436,-0.042663574,-0.022491455,-0.0006299019,0.016906738,0.002571106,-0.039794922,-0.03704834,-0.013336182,0.013183594,0.028945923,0.02507019,0.0028514862,0.0107040405,-0.0049476624,-0.02494812,0.022003174,0.010169983,0.008140564,0.018936157,-0.030807495,-0.014251709,-0.0040626526,-0.006187439,-0.0335083,0.00466156,0.039794922,-0.00869751,0.008934021,-0.016235352,-0.0034561157,-0.014663696,0.00055360794,-0.04171753,0.038848877,-0.016815186,-0.011566162,0.011444092,-0.032226562,-0.044311523,0.040618896,-0.056243896,0.026245117,0.008125305,0.0112838745,-0.007205963,0.036468506,0.013954163,0.03201294,0.04977417,0.0075187683,0.00041556358,0.02772522,-0.007820129,-0.008766174,0.017562866,0.02545166,-0.005870819,-0.008506775,0.03744507,-0.033294678,0.012145996,0.032348633,-0.02166748,-0.0068473816,0.00920105,0.029251099,0.045440674,0.008880615,-0.010559082,0.016830444,0.0072746277,0.019332886,0.016082764,0.031280518,0.013809204,0.067993164,0.008987427,0.03265381,0.006175995,-0.03753662,-0.0070114136,-0.012924194,-0.0013036728,0.0019683838,-0.014335632,-0.0033798218,0.0059509277,-0.023391724,0.037628174,-0.03286743,-0.010063171,-0.016830444,0.0022239685,-0.002313614,0.009666443,0.003540039,-0.018203735,0.03552246,-0.008903503,0.018554688,0.040100098,0.016220093,0.015731812,0.050720215,0.0013914108,0.028793335,-0.01361084,0.02444458,-0.036895752,0.023986816,0.0049591064,-0.0317688,0.0004222393,0.02609253,-0.0019350052,0.04849243,-0.002708435,0.010116577,-0.02810669,0.0055503845,-0.023269653,-0.016784668,0.028259277,-0.053588867,-0.012260437,0.009963989,-0.0027923584,0.008522034,0.05001831,-0.015235901,-0.01386261,-0.018218994,0.006416321,0.027496338,0.015083313,0.011543274,-0.004798889,-0.039886475,-0.01826477,0.022857666,-0.008598328,-0.00080013275,-0.003982544,0.0014152527,-0.033599854,-0.0098724365,-0.053771973,0.010475159,0.02166748,0.017486572,0.0035152435,-0.005130768,-0.04486084,-0.0077438354,0.048065186,-0.007156372,-0.022598267,0.018844604,-0.0037193298,-0.029144287,0.0069847107,-0.013946533,0.0082092285,-0.015113831,0.009246826,0.041900635,-0.0019388199,-0.0018672943,0.04071045,0.025787354,-0.036071777,0.016525269,0.008049011,0.040740967,0.00040245056,-0.0033664703,0.016921997,-0.0032234192,0.03955078,-0.032440186,-0.017578125,0.0051612854,-0.008041382,-0.011657715,0.002357483,0.0076560974,0.0048713684,0.03414917,0.005214691,0.004310608,0.0042304993,-0.024017334,0.015380859,0.06903076,0.009933472,-0.010360718,-0.04196167,0.02128601,0.0057525635,0.01411438,-0.018676758,-0.010940552,0.025741577,-0.009384155,0.006259918,-0.029663086,-0.003583908,0.0055007935,-0.0368042,-0.025848389,0.015640259,0.0077552795,0.0010938644,-0.0065460205,-0.02458191,0.021087646,0.01121521,0.022384644,-0.008552551,-0.0009860992,-0.03692627,-0.011062622,-0.019592285,0.009147644,0.016784668,-0.03503418,0.026870728,0.010566711,-0.0074691772,-0.010955811,-0.03152466,-0.017730713,0.033477783,-0.015487671,0.003080368,-0.005340576,0.037628174,0.053955078,0.048461914,-0.026260376,0.03363037,0.0016765594,-0.0335083,-0.027618408,0.0029582977,-0.0037441254,-0.0019369125,-0.00052785873,-0.01725769,-0.005344391,0.031799316,-0.05078125,-0.024169922,-0.04510498,-0.039215088,0.007091522,0.012756348,-0.0009660721,0.02911377,-0.015274048,0.00089788437,-0.010505676,-0.0041503906,0.028961182,-0.012931824,0.015853882,-0.01247406,-0.024353027,0.0011234283,0.04949951,-0.040008545,-0.010437012,-0.008323669,0.008354187,-0.01600647,-0.019302368,0.009841919,0.014442444,0.00749588,0.02243042,0.011428833,-0.005332947,-0.0014104843,0.055358887,0.014434814,-0.019973755,0.0011911392,0.010147095,0.06732178,-0.046203613,-0.017547607,-0.0008125305,0.013511658,0.006149292,-0.024139404,-0.019332886,-0.036071777,0.036132812,0.025222778,-0.016693115,0.038208008,0.029022217,-0.007133484,0.0107040405,0.027679443,0.014053345,0.018722534,0.023223877,0.008232117,-0.049713135,0.023223877,0.052612305,-0.0052833557,0.04083252,-0.008049011,-0.02708435,-0.020645142,0.017303467,0.00047516823,0.012191772,-0.002040863,0.0602417,0.0012369156,0.011749268,0.045715332,-0.009635925,-0.0029029846,-0.05142212,0.0184021,0.010536194,0.0057144165,0.05795288,-0.0053901672,-0.013572693,0.045440674,-0.027999878,-0.039276123,-0.014503479,0.009429932,-0.0037555695,-0.0066833496,0.025497437,0.04257202,0.011230469,-0.020858765,0.011726379,-0.00223732,0.010787964,0.008148193,-0.035888672,0.00088500977,0.017929077,0.04147339,0.017410278,-0.010391235,0.017074585,0.016723633,0.007106781,0.045959473,0.045043945,-0.014198303,0.011688232,-0.016403198,-0.0524292,-0.01436615,-0.023803711,-0.016113281,-0.019836426,-0.03817749,0.020233154,-0.037902832,-0.025756836,-0.038604736,0.040985107,0.025283813,0.03604126,0.020019531,0.013092041,0.031433105,0.019210815,0.011146545,0.033447266,0.0184021,0.023513794,0.032318115,0.04171753,0.011184692,0.025436401,-0.0090408325,0.029830933,-0.023712158,0.019805908,-0.014511108,-0.038879395,-0.015930176,0.0033245087,-0.017211914,0.004142761,-0.032562256,0.0002541542,-0.007671356,-0.0045394897,-0.03250122,-0.014213562,-0.004676819,-0.011077881,-0.009918213,-0.009529114,0.032409668,0.018035889,0.010795593,0.018508911,-0.0042152405,-0.0055885315,0.026931763,-0.025299072,-0.025100708,0.03164673,0.0040016174,-0.01675415,-0.004043579,-0.01398468,0.012840271,-0.03451538,-0.0026988983,0.025375366,0.0385437,0.009033203,0.02293396,-0.009376526,-0.008140564,-0.017791748,0.0038013458,-0.025466919,0.021911621,-0.029327393,0.023025513,-0.016052246,-0.026931763,0.013175964,-0.0037193298,0.00027370453,0.013031006,-0.007423401,-0.0154800415,0.013824463,0.0048980713,0.00198555,-0.022445679,0.034210205,0.014625549,0.025939941,0.0018644333,0.012863159,0.008766174,0.0013380051,-0.023101807,0.00045990944,-0.035491943,-0.032958984,-0.040740967,0.0038261414,-0.01991272,0.022735596,0.0021800995,-0.013008118,-0.0069274902,-0.025314331,-0.0038280487,0.040618896,0.032318115,0.01361084,-0.018676758,-0.013160706,-0.01940918,0.041900635,-0.008255005,-0.026443481,-0.020721436,-0.017532349,0.0068206787,-0.0065193176,-0.015525818,-0.0039711,-0.001083374,0.0033779144,0.018859863,-0.001250267,-0.021636963,-0.008369446,-0.03463745,0.0067214966,0.012931824,-0.01473999,0.015380859,0.0024871826,-0.045440674,-0.008224487,-0.017730713,0.0056915283,0.05834961,0.043426514,0.030075073,0.028762817,0.033294678,0.008338928,0.018722534,0.015235901,0.019256592,-0.023986816,-0.020843506,-0.016159058,0.01739502,-0.005554199,0.007789612,0.032592773,0.017684937,-0.012458801,0.03668213,0.019515991,-0.03086853,-0.018432617,0.0134887695,0.016235352,-0.007671356,0.027893066,0.02960205,0.0016469955,0.017166138,-0.037078857,0.011634827,-0.013801575,0.05618286,-0.0021953583,-0.032592773,-0.008491516,-0.006504059,-0.052001953,0.00605011,0.03552246,0.030822754,0.031188965,0.019226074,-0.007457733,0.018203735,-0.02180481,-0.034240723,-0.01902771,-0.01637268,0.045288086,-0.034240723,0.013755798,0.0055236816,-0.0024261475,0.027374268,-0.0053634644,0.013595581,0.015052795,0.007232666,-0.010505676,0.011497498,-0.00049209595,0.00217247,-0.058898926,0.0061073303,0.011741638,0.010826111,-0.0149002075,0.01838684,-0.052947998,-0.00019812584,0.00019049644,0.0060272217,0.017318726,-0.0026435852,-0.0038375854,-0.0063285828,-0.042144775,-0.005821228,-0.014770508,0.005710602,-0.006629944,0.005317688,0.0014648438,-0.042053223,-0.03375244,-0.009963989,-0.015136719,-0.0057373047,-0.00040102005,-0.008155823,-0.009971619,0.07330322,-0.022659302,-0.0051078796,-0.0071792603,0.020996094,0.019226074,0.024993896,0.03338623,0.018569946,-0.0068511963,-0.022277832,0.014129639,0.0027484894,-0.0005431175,-0.009986877,-0.023773193,0.028457642,-0.029434204,0.009864807,0.0052108765,0.001953125,-0.036895752,-0.0071792603,0.009895325,0.00030303,0.005657196,0.022140503,0.012611389,-0.0014162064,-0.0013580322,-0.014518738,-0.03616333,-0.0034732819,0.006126404,0.023895264,0.010002136,-0.0044555664,0.03024292,0.017044067,-0.0031147003,0.0050849915,0.01637268,-0.00095653534,0.0006146431,0.0055885315,-0.012054443,0.0035762787,0.021484375,-0.012260437,-0.0017604828,-0.0184021,-0.008972168,-0.029388428,-0.0024929047,-0.017150879,0.010818481,0.004058838,-0.023849487,0.024139404,-0.023651123,-0.003616333,0.0033054352,0.0051574707,-0.0034942627,0.005340576,-0.05886841,-0.022949219,0.0335083,0.013298035,-0.001572609,-0.021438599,-0.049316406,0.012039185,0.017822266,0.00017118454,0.050598145,-0.0014095306,0.00024843216,-0.036895752,0.0016527176,-0.010620117,0.026611328,0.015716553,0.017547607,-0.033416748,0.021881104,-0.02758789,0.02180481,0.013015747,0.0062294006,-0.022064209,0.012054443,0.02545166,0.041107178,0.013221741,-0.009109497,0.02029419,-0.015014648,0.01158905,0.0054512024,0.0038909912,-0.0063591003,0.05886841,-0.005203247,-0.026168823,0.041900635,-0.008270264,0.054351807,0.015640259,-0.009635925,-0.021072388,-0.0061149597,-0.0014486313,0.053131104,-0.0030384064,-0.0042495728,-0.005973816,-0.0121154785,-0.017120361,0.0025424957,0.014091492,0.0037784576,0.0024719238,-0.0015573502,-0.0231781,-0.029083252,0.022415161,0.011650085,0.013549805,0.025817871,-0.00039434433,-0.0031700134,0.035949707,-0.014953613,0.023849487,0.023849487,0.007331848,-0.029464722,0.023712158,-0.0036640167,-0.0206604,-0.012016296,0.008422852,0.0047302246,-0.0102005005,0.038604736,-0.029052734,-0.021484375,0.0063591003,-0.032073975,-0.026245117,-0.0018091202,0.0104599,-0.023925781,0.057617188,-0.0345459,-0.07476807,-0.010131836,-0.0035266876,-0.030532837,0.023132324,-0.03491211,0.05517578,0.044281006,-0.01864624,-0.016082764,0.016494751,-0.010040283,-0.008125305,0.012573242,0.013938904,0.004650116,0.03111267,0.022949219,0.0151901245,-0.027038574,0.011489868,0.010063171,0.030197144,-0.021835327,-0.0011253357,-0.028671265,-0.009628296,0.013221741,0.0015268326,-0.056427002,0.01473999,0.010429382,-0.034454346,0.037750244,0.00046801567,-0.044128418,0.004184723,-0.015686035,0.044830322,-0.015289307,-0.028900146,0.032196045,0.0032176971,-0.017822266,-0.02079773,-0.021499634,0.009666443,-0.019683838,0.0013923645,-0.029434204,-0.004535675,-0.0068855286,0.0004594326,0.014038086,0.024780273,0.022521973,-0.0015716553,-0.02293396,-0.02293396,-0.0028209686,-0.004962921,-0.007171631,-0.03213501,-0.0038528442,-0.045715332,-0.0011482239,-0.007926941,-0.0068969727,0.027374268,-0.0061416626,0.020263672,0.0058784485,0.03137207,-0.0046920776,0.021118164,-0.012649536,0.0064468384,-0.021438599,-0.029403687,0.007621765,-0.003921509,0.0031795502,-0.008865356,0.002111435,0.0045280457,-0.013259888,0.0154953,-0.025726318,-0.004524231,-0.024734497,0.03564453,-0.012397766,-0.03161621,-0.019866943,-0.0143585205,0.0045051575,0.042999268,-0.015129089,0.023101807,0.018249512,0.012107849,-0.011116028,-0.0077285767,-0.0065574646,0.01386261,-0.002998352,0.04598999,-0.017837524,0.04046631,0.009025574,0.048431396,0.043273926,0.022262573,0.020996094,0.023590088,0.023773193,0.012428284,0.02420044,-0.010536194,-0.011978149,-0.0027885437,-0.0075645447,-0.013076782,-0.008575439,-0.0077285767,0.013404846,0.0037441254,0.008377075,0.0035896301,-0.0037879944,0.004333496,0.0129852295,0.028686523,0.005821228,-0.017730713,-0.005519867,-0.014083862,0.016540527,-0.0022258759,-0.028930664,0.01486969]"
7fe454244d2739708b3484ddecf4937fe44afb38#1,7fe454244d2739708b3484ddecf4937fe44afb38,1,11a0261e3f78f8dbcdbfab175172298514294a9bf6e0be423fbb437f2108bfad,"## Resident tax rates 2026–27

| Taxable income | Tax on this income |
| --- | --- |
| $0 – $18,200 | Nil |
| $18,201 – $45,000 | 15c for each $1 over $18,200 |
| $45,001 – $135,000 | $4,020 plus 30c for each $1 over $45,000 |
| $135,001 – $190,000 | $31,020 plus 37c for each $1 over $135,000 |
| $190,001 and over | $51,370 plus 45c for each $1 over $190,000 |","{""Tax rates – Australian resident"",""Resident tax rates 2026–27""}",Tax rates – Australian resident,https://www.ato.gov.au/tax-rates-and-codes/tax-rates-australian-residents,tax-rates-and-codes,,,"{2020-21,2021-22,2022-23,2023-24,2024-25,2025-26,2026-27}",1,active,,2026-09-29 03:59:56.345801+00,"## Resident tax rates 2026–27

| Taxable income | Tax on this income |
| --- | --- |
| $0 – $18,200 | Nil |
| $18,201 – $45,000 | 15c for each $1 over $18,200 |
| $45,001 – $135,000 | $4,020 plus 30c for each $1 over $45,000 |
| $135,001 – $190,000 | $31,020 plus 37c for each $1 over $135,000 |
| $190,001 and over | $51,370 plus 45c for each $1 over $190,000 |","[-0.017333984,0.007118225,0.07904053,0.02279663,-0.010826111,0.05303955,-0.021591187,-0.009063721,0.002527237,-0.03074646,-0.0032081604,0.011352539,0.03564453,0.0104522705,0.03768921,-0.0072784424,0.012840271,0.01071167,-0.077941895,0.04473877,0.042419434,-0.011878967,-0.014312744,-0.025283813,0.00894928,0.008705139,-0.047454834,-0.038879395,-0.01260376,0.02508545,0.02470398,-0.0019369125,0.012741089,-0.02116394,-0.029220581,-0.023742676,-0.011299133,-0.00037145615,0.05291748,-0.0077323914,-0.049926758,0.016326904,0.021530151,0.007423401,-0.032409668,0.010169983,0.0063705444,-0.041625977,-0.022659302,0.010757446,0.015335083,0.0030059814,-0.00031638145,0.03213501,-0.07458496,-0.00062942505,-0.010795593,0.020721436,-0.010101318,-0.044921875,0.09277344,0.0060920715,0.012931824,-0.02029419,-0.016204834,0.055999756,-0.017059326,0.043029785,0.02532959,-0.030822754,0.012863159,0.027999878,0.0736084,-0.014503479,0.027740479,-0.007209778,-0.031066895,-0.06585693,-0.0088272095,-0.006893158,0.008895874,-0.0036754608,-0.0010738373,0.012191772,0.0657959,0.027496338,-0.03375244,-0.039855957,-0.019607544,-0.0071258545,-0.02796936,-0.024932861,-0.043518066,-0.01675415,0.013473511,-0.062927246,-0.029327393,-0.00038146973,0.009223938,-0.01864624,0.033966064,0.013374329,0.04147339,0.0018539429,0.056152344,0.023620605,-0.031951904,0.005039215,-0.0093688965,0.015609741,-0.02645874,0.052764893,-0.008010864,0.02255249,-0.021774292,0.0066452026,-0.07623291,0.00868988,0.021514893,-0.04083252,-0.015029907,-0.039642334,-0.016143799,0.009185791,0.053100586,-0.042816162,-0.024337769,0.0014410019,-0.068359375,-0.03955078,0.02041626,0.019165039,0.016448975,0.03451538,-0.05114746,0.0021648407,0.009765625,0.024246216,0.0013227463,-0.07067871,0.068603516,0.020706177,0.0019702911,0.011436462,-0.021697998,0.0018043518,0.006416321,-0.01461792,-0.024124146,0.011398315,0.019714355,0.028259277,-0.05847168,0.020431519,-0.00086021423,-0.012191772,-0.000849247,0.041625977,-0.030899048,0.025054932,-0.0552063,-0.008483887,-0.0036773682,0.0118255615,0.035095215,0.0234375,-0.002380371,-0.024871826,-0.070495605,0.012161255,-0.017700195,0.018829346,0.043914795,-0.04168701,0.026641846,-0.02116394,-0.011451721,-0.034240723,0.020309448,0.023483276,-0.025497437,0.0047073364,-0.03213501,0.008674622,0.00014472008,-0.012779236,-0.0024166107,-0.03074646,0.0116119385,-0.010696411,0.03286743,-0.040496826,0.0619812,0.05331421,-0.028900146,0.011299133,0.026947021,-0.0063667297,-0.037841797,-0.041259766,0.016860962,-0.016036987,0.031219482,0.0047912598,-0.016281128,-0.0032444,0.0018510818,0.011497498,0.027130127,-0.003856659,0.0158844,0.0059280396,0.012168884,0.046020508,-0.0034275055,-0.00166893,-0.029418945,-0.03274536,0.093933105,0.089538574,-0.0032253265,0.00087594986,-0.024505615,0.005126953,0.051940918,-0.018417358,-0.010047913,0.028945923,0.0335083,-0.025100708,0.0028247833,-0.012771606,-0.037353516,-0.05996704,-0.020431519,0.0021591187,0.010604858,-0.059387207,-0.047576904,0.02973938,-0.023864746,0.027175903,0.048950195,0.0284729,0.016281128,-0.02394104,0.0044822693,-0.014450073,0.032287598,0.015670776,-0.021896362,0.0027503967,0.068237305,0.007774353,-0.038116455,-0.009376526,0.03567505,0.046325684,0.009521484,-0.006958008,-0.019760132,-0.04928589,-0.03074646,-0.084350586,0.037384033,-0.030563354,0.016082764,0.05630493,0.023483276,-0.0146102905,0.024856567,0.0109939575,0.013626099,-0.05831909,-0.013023376,0.057647705,0.054718018,-0.00014615059,0.011070251,0.0019283295,-0.042541504,0.009056091,0.04345703,-0.0149383545,-0.020248413,-0.05343628,-0.03778076,0.014183044,0.020217896,-0.043029785,0.06756592,0.018539429,-0.0390625,-0.03656006,0.0154953,-0.0065231323,0.031585693,-0.10266113,0.027252197,-0.01209259,-0.013969421,0.036254883,-0.03125,-0.020721436,0.0004222393,0.032989502,0.017074585,0.01852417,-0.032806396,0.040283203,0.0048179626,0.0126953125,-0.00497818,-0.06311035,0.019805908,-0.0049324036,0.052246094,-0.027816772,0.0259552,0.023330688,0.03414917,-0.038330078,0.00774765,-0.010620117,0.00793457,0.010871887,-0.032073975,-0.026229858,-0.023132324,-0.05114746,-0.012542725,0.013618469,-0.009895325,-0.0073776245,-0.036315918,0.028549194,0.0020122528,0.020401001,-0.027420044,0.008796692,0.023452759,0.00039458275,-0.032989502,-0.020874023,0.0018815994,-0.022628784,-0.009269714,0.023849487,0.013763428,0.023651123,-0.02709961,0.029449463,0.0016393661,0.018325806,-0.018692017,0.05178833,0.06341553,-0.030715942,-0.020477295,0.034606934,-0.04849243,0.018188477,0.00617218,0.015991211,0.023757935,0.008483887,-0.047332764,0.010940552,0.031463623,-0.022033691,-0.009559631,0.006729126,0.0090789795,0.0050811768,0.019744873,-0.04510498,0.014472961,0.029129028,0.06762695,-0.03439331,0.0070724487,0.04650879,0.013130188,0.0037155151,0.060913086,-0.0011396408,0.013679504,0.009429932,0.00075387955,-0.034606934,-0.001405716,-0.0042686462,-0.017028809,0.027862549,0.010375977,-0.001490593,0.0116119385,0.04660034,0.038635254,0.027816772,0.015670776,-0.015304565,-0.002407074,-0.053131104,0.012893677,0.011787415,-0.018447876,0.0011978149,0.00907135,-0.042236328,0.0073051453,-0.014160156,-0.004535675,-0.018737793,0.02394104,-0.037597656,0.0013217926,0.038238525,-0.022491455,-0.01966858,-0.027145386,-0.026168823,-0.008705139,-0.042510986,-0.017196655,-0.017700195,0.01260376,0.0074691772,-0.05429077,0.0044822693,0.028793335,0.018539429,-0.015045166,0.014076233,-0.033843994,0.006298065,-0.01423645,-0.028762817,0.031677246,0.0055351257,0.019729614,-0.023605347,-0.0068473816,-0.014526367,-0.033416748,-0.004676819,0.007865906,-0.018859863,0.06713867,-0.00042128563,-0.035980225,0.06976318,-0.012840271,-0.019256592,-0.03137207,0.0002644062,0.036254883,0.009689331,-0.003856659,-0.02394104,0.028839111,0.02017212,0.026351929,-0.0076675415,0.03567505,-0.038391113,-0.00945282,0.016830444,0.00081443787,-0.0023345947,0.012771606,-0.021606445,-0.016494751,0.007827759,0.061645508,-0.031463623,-0.006088257,-0.06939697,0.06161499,-0.06311035,-0.0154800415,-0.0013313293,0.0065460205,0.02130127,-0.04421997,-0.016479492,0.027069092,0.01902771,-0.039489746,0.025360107,0.019195557,-0.009223938,0.04699707,-0.014343262,0.05392456,-0.004940033,-0.05029297,0.0029716492,0.0055007935,-0.014091492,-0.028945923,-0.004299164,0.05230713,0.004764557,0.048583984,-0.004901886,0.017578125,0.009094238,-0.031173706,0.055145264,0.014907837,0.003627777,-0.035186768,0.0037612915,-0.009132385,0.036956787,-0.022354126,-0.014846802,-0.021484375,0.01525116,0.0061683655,0.008575439,0.01134491,-0.014213562,0.027435303,-1.3709068e-05,0.03363037,-0.054504395,0.016601562,-0.06463623,-0.004016876,-0.0024337769,-0.0060157776,0.029129028,0.006099701,0.023376465,-0.00051021576,-0.0026416779,-0.004589081,-0.02822876,-0.023788452,0.038635254,0.011695862,-0.013221741,0.009780884,0.025527954,0.038146973,-0.005077362,-0.029586792,-0.024246216,0.0031585693,0.019439697,0.04385376,-0.014778137,-0.02305603,0.0138168335,0.028549194,0.02810669,-0.012374878,-0.0368042,-0.025634766,-0.039489746,-0.008323669,-0.0070533752,0.027420044,0.00566864,-0.008148193,-0.012435913,0.0038757324,0.028076172,0.033172607,0.0010128021,-0.015701294,-0.040161133,-0.019729614,-0.0129776,0.015670776,-0.0023059845,0.050445557,-0.0062294006,-0.019836426,0.03074646,0.030212402,-0.014526367,-0.009437561,0.055419922,-0.014274597,0.02482605,-0.023101807,-0.019332886,0.024291992,0.050628662,0.023773193,0.0016870499,-0.008483887,-0.004398346,0.0008087158,-0.012535095,-0.015029907,0.013122559,0.02494812,-0.017288208,-0.02923584,0.059051514,-0.02973938,-0.009498596,-0.009712219,-0.015296936,-0.035369873,-0.014579773,-0.022201538,-0.0049819946,0.0063285828,-0.014343262,-0.017745972,-0.01701355,-0.008995056,0.007843018,-0.021484375,0.009666443,0.006504059,-0.006839752,-0.028823853,0.0054779053,0.016571045,0.035461426,-0.01763916,-0.03314209,0.045410156,0.015426636,-0.012992859,0.0076522827,-0.003080368,-0.033813477,-0.006702423,0.018356323,-0.009590149,0.01335907,0.016403198,0.0018882751,0.037963867,0.0546875,0.03173828,0.045654297,0.010231018,-0.0071640015,0.0022659302,-0.032287598,-0.018127441,-0.01737976,0.026260376,0.0033226013,-0.011169434,-0.04333496,-0.02279663,-0.018066406,0.045806885,0.01675415,-0.010543823,0.037719727,-0.0118255615,0.0019416809,-0.0023708344,0.021224976,0.015548706,0.013069153,-0.011741638,-0.0022335052,-0.0037670135,-0.014709473,-0.04269409,0.032562256,0.03050232,0.007232666,0.040405273,0.005428314,0.016662598,0.017654419,-0.00674057,-0.009590149,0.040100098,-0.0016889572,-0.032958984,-0.03805542,-0.035888672,-0.03152466,0.03378296,-0.053100586,0.034454346,0.014411926,0.0035495758,0.00349617,0.0519104,0.013786316,0.017669678,0.041931152,0.0124435425,0.002380371,0.025390625,-0.07159424,-0.014472961,-0.017105103,0.0034427643,-0.03152466,-0.011352539,0.042633057,-0.014305115,0.0019779205,0.023406982,-0.029449463,-0.01184082,-0.014305115,0.006290436,0.015777588,0.04724121,0.026947021,-4.23193e-06,-0.0143585205,0.027053833,0.0053749084,0.028533936,0.008087158,0.046081543,-0.0008940697,0.049865723,0.005744934,-0.027359009,0.014862061,-0.047576904,0.0015106201,0.014503479,-0.021331787,-0.022994995,0.013771057,-0.014846802,0.018066406,-0.022201538,0.022445679,-0.0236969,-0.00095176697,-0.011695862,-0.0065574646,-0.011795044,-0.017593384,0.042022705,0.027145386,0.0021362305,0.045959473,-0.02720642,0.010818481,0.033843994,0.010940552,0.040222168,-0.03665161,0.019821167,-0.04647827,0.007282257,0.004070282,-0.013839722,0.00041484833,-0.00057172775,0.017028809,0.045074463,-0.004447937,0.035339355,-0.028686523,0.003419876,-0.0061035156,0.0073051453,0.010803223,-0.046783447,-0.0039024353,-0.019927979,0.02305603,0.029663086,0.022384644,-0.0030403137,-0.03277588,-0.018844604,0.012557983,-0.0032196045,0.01965332,0.011772156,-0.0121536255,-0.023025513,0.0028209686,0.041809082,-0.028717041,0.017562866,-0.021835327,-0.0011844635,-0.019851685,-0.004463196,-0.0211792,-0.0016088486,0.031341553,0.0067863464,-0.031280518,0.018661499,-0.017425537,0.0062789917,0.0121154785,-0.0037612915,-0.026550293,0.00070667267,-0.04159546,-0.021972656,-0.047821045,-0.044708252,0.008735657,-0.024307251,0.03466797,-0.0028858185,-0.01953125,-0.008628845,0.03475952,0.040771484,-0.034210205,0.02168274,-0.0031795502,0.03933716,-0.024429321,-0.0034542084,0.010765076,-0.0050811768,0.05307007,-0.03869629,0.019348145,-0.0049858093,0.005886078,-0.006263733,0.029663086,-0.036224365,-0.007858276,0.01876831,0.01109314,0.046905518,0.008132935,-0.029373169,0.02407837,0.059692383,0.006954193,-0.014816284,-0.026428223,0.028152466,0.0014429092,0.02357483,-0.01222229,0.00020635128,0.024871826,0.0004720688,-0.010681152,-0.011512756,-0.014305115,-0.024810791,-0.0637207,0.014846802,0.016296387,-0.009033203,0.008369446,-0.015388489,-0.033721924,0.012489319,0.01626587,-0.00012779236,0.00730896,-0.013916016,-0.021606445,0.0037384033,-0.012672424,0.009025574,-0.044830322,-0.02923584,-0.0008087158,0.009643555,-0.0063171387,-0.025436401,-0.007751465,-0.01928711,0.01525116,-0.020019531,0.011451721,0.03866577,-0.0025405884,0.03100586,0.032470703,-0.008926392,0.020568848,-0.020019531,-0.021514893,-0.029922485,0.0025691986,0.029190063,0.00089645386,-0.015792847,-0.018798828,-0.0050735474,0.020690918,-0.0129470825,-0.008560181,-0.031829834,-0.026428223,0.018508911,0.011955261,0.034851074,0.002412796,-0.037750244,-0.0029888153,-0.0012722015,0.0011253357,0.02458191,-0.051605225,0.03265381,0.0003926754,-0.008758545,0.00018298626,-0.008644104,-0.016693115,-0.016952515,0.010505676,-0.00041675568,-0.03668213,-0.0014972687,-0.014701843,-0.00012397766,-0.005897522,0.018417358,0.00844574,-0.015602112,0.018844604,0.040252686,7.969141e-05,-0.02557373,0.013031006,-0.014953613,0.020324707,-0.038238525,0.0017433167,0.006340027,0.015602112,0.015205383,0.001964569,0.0019721985,-0.040283203,0.014213562,0.00064468384,-0.00031805038,0.0151901245,0.018676758,0.0011577606,0.00089788437,0.010543823,-0.013137817,0.020584106,0.021011353,0.029449463,-0.0362854,-0.013366699,0.053894043,0.0002644062,0.0056762695,-0.008918762,-0.035980225,-0.0056495667,-0.013160706,-0.0112838745,0.024246216,0.037322998,0.04168701,0.005870819,0.013175964,0.051452637,-0.017318726,-0.003665924,-0.01676941,0.029266357,-0.008598328,0.021209717,0.039276123,0.010131836,-0.023605347,0.054138184,-0.030715942,-0.002506256,-0.0021629333,0.050842285,-0.0007557869,0.013679504,0.024734497,0.026931763,0.011940002,-0.021987915,-0.0070343018,0.0149002075,0.022079468,0.0067214966,-0.040771484,0.03390503,0.0025310516,0.032989502,0.014556885,-0.0051574707,0.018798828,0.0005517006,0.01210022,0.03994751,0.06536865,0.012901306,-0.021606445,-0.016464233,-0.021133423,-0.009597778,-0.01864624,-0.0011100769,-0.0027999878,-0.03289795,0.03878784,-0.019088745,-0.020584106,-0.021377563,0.029327393,0.03894043,0.01600647,0.008514404,0.0059165955,0.02407837,-0.0063476562,-0.010948181,0.020339966,0.019012451,0.01751709,0.0035533905,0.04067993,0.02760315,0.035888672,0.002231598,0.014472961,-0.015609741,-0.014923096,-0.0067100525,-0.03338623,-0.028717041,0.005947113,-0.024307251,-0.0020923615,-0.010856628,-0.009819031,-0.0069122314,0.0013532639,-0.0071907043,0.0079193115,-0.017822266,-0.014343262,-0.0011777878,0.009086609,0.0103302,0.002811432,0.018630981,-0.0028476715,-0.015068054,0.0002632141,0.019363403,0.0015954971,-0.007331848,0.018066406,0.0016317368,-0.009376526,-0.004043579,-0.04397583,0.0440979,-0.0096588135,-0.01247406,0.01889038,0.000992775,-0.01184082,0.021331787,0.0030460358,-0.01637268,-0.01574707,0.05456543,-0.016311646,0.006095886,-0.03668213,-0.008171082,-0.025131226,-0.021453857,0.027175903,0.0018062592,-0.0063934326,0.0018014908,0.0035324097,-0.026428223,0.0010299683,-0.022323608,0.011985779,0.009735107,0.007751465,0.026367188,0.019989014,0.011627197,-0.03945923,-0.018966675,0.041046143,-0.03390503,-0.008972168,-0.0362854,-0.031341553,0.018539429,0.035583496,-0.022888184,0.004962921,0.006439209,-0.0027198792,0.0046539307,-0.022491455,-0.022277832,0.01625061,0.021270752,0.027175903,-0.02746582,-0.011070251,-0.0029506683,0.05847168,-0.017501831,-0.013206482,-0.0042686462,0.002008438,0.0015420914,-0.01171875,-0.02330017,0.00762558,-0.0004117489,0.0027580261,0.013671875,-0.02508545,0.0021953583,-0.009468079,-0.004310608,-0.01638794,-0.011482239,-0.02168274,0.030807495,-0.015205383,-0.016967773,0.0066871643,-0.014884949,-0.013618469,0.092163086,0.019302368,-0.0045318604,0.036590576,0.029846191,0.032165527,0.03753662,0.0140686035,0.024139404,-0.015426636,-0.025848389,0.0036315918,-0.004169464,-0.0109939575,0.013290405,0.023223877,0.0069274902,0.019561768,0.034362793,0.040618896,0.0007715225,-0.028823853,5.3048134e-06,0.0005707741,-0.008041382,-0.006313324,-0.007007599,-0.019515991,0.02822876,-0.028533936,-0.004951477,-0.0066375732,0.047088623,0.014595032,-0.01789856,0.017700195,-0.015068054,-0.029449463,0.009101868,0.025283813,-0.0209198,0.013458252,0.01524353,0.0031700134,-0.0038261414,0.0015602112,-0.008369446,0.006629944,-0.0032997131,0.012878418,-0.034088135,-0.0044555664,0.008201599,-0.01550293,0.039794922,-0.0023498535,0.029815674,0.005531311,-0.010147095,0.019012451,0.018676758,-0.006198883,-0.005882263,-0.025726318,-0.01890564,-0.02947998,-0.013076782,-0.008132935,-0.011802673,-0.030670166,0.0004684925,0.0045394897,-0.023513794,0.013824463,-0.012649536,0.01550293,-0.004058838,-0.00868988,0.019195557,0.019821167,0.023422241,-0.016662598,0.0024147034,0.029129028,-0.027359009,-0.019622803,0.004085541,0.00062799454,-0.031204224,0.012809753,-0.018127441,0.015213013,0.07373047,0.011703491,-0.014053345,-0.018478394,0.008583069,0.033721924,0.0013284683,0.01473999,0.033416748,-0.013961792,0.0022392273,0.03414917,0.022872925,0.015899658,0.013511658,-0.009635925,0.011268616,-0.023773193,-0.021514893,-0.0154800415,0.036499023,-0.025482178,-0.014961243,0.011978149,-0.03805542,-0.013412476,0.025604248,0.003232956,0.008674622,0.014328003,-0.019058228,-0.014328003,-0.036346436,-0.024765015,0.0019483566,0.024154663,0.004573822,0.026107788,0.044006348,-0.0020389557,-0.004322052,0.024505615,-0.0002758503,-0.0064048767,0.0004093647,-0.01828003,-0.0013790131,0.012741089,-0.032928467,-0.006454468,0.008056641,0.0178833,-0.026138306,-0.008270264,-0.020217896,0.0008854866,0.015670776,-0.017593384,-0.008399963,0.00021994114,-0.008972168,0.015068054,0.034698486,-0.0051727295,0.026748657,-0.04736328,0.012107849,0.02267456,0.03173828,-0.0035591125,-0.0005326271,-0.037231445,0.010658264,0.029693604,0.023483276,0.026626587,-0.000120818615,0.0012302399,-0.019378662,-0.013916016,-0.0027503967,0.0054359436,0.00920105,0.0059394836,-0.02583313,0.032989502,0.0071258545,0.032714844,-0.013252258,-0.01398468,-0.04043579,0.038116455,0.023635864,0.029769897,0.0023155212,-0.018341064,-0.007686615,-0.0003244877,0.041748047,-0.011856079,0.0049095154,0.008270264,0.046783447,-0.015571594,-0.015296936,0.036956787,-0.0047912598,0.062438965,0.013000488,0.014831543,-0.030319214,-0.031921387,-0.020385742,0.017852783,-0.027389526,0.014465332,-0.0154800415,-0.015731812,-0.0024738312,0.008369446,-0.0069465637,0.020721436,0.01663208,-0.0018968582,-0.034179688,0.004760742,-0.01108551,-0.0001475811,-0.0025749207,0.03552246,0.007835388,0.0011940002,0.024246216,-0.031951904,0.030715942,0.013076782,0.023757935,-0.026351929,0.00028944016,-0.01663208,-0.02368164,-0.009963989,-0.0045394897,0.0075683594,-0.0021133423,0.02168274,-0.038360596,0.006187439,0.013183594,-0.013618469,-0.015266418,-0.018081665,-0.006839752,-0.0146484375,0.025650024,-0.012557983,-0.018218994,0.0015516281,0.0070533752,-0.00013566017,0.025466919,-0.011894226,0.0020999908,-0.0068206787,-0.026870728,-0.010719299,0.012832642,0.0027065277,-0.025726318,0.00019264221,0.017120361,0.028396606,0.0072784424,0.0008468628,0.002664566,-0.03793335,0.00024437904,-0.01676941,0.004173279,-0.019622803,-0.0001348257,-0.016616821,0.01864624,0.034088135,0.0066184998,-0.047058105,0.005428314,-0.014129639,0.028656006,0.035949707,-0.008003235,-0.04434204,0.030929565,-0.012359619,0.031585693,0.0055160522,-0.02255249,0.023834229,0.00548172,-0.00063467026,-0.017562866,-0.03668213,0.015975952,-0.046051025,0.003829956,-0.01486969,0.0051994324,0.012229919,0.029953003,-0.0035591125,0.017105103,-0.0027198792,-6.8962574e-05,0.013587952,-0.019241333,0.0052261353,-0.0038928986,-0.0096206665,-0.047088623,0.024475098,-0.020645142,0.045684814,-0.027740479,-0.0073242188,-0.0033931732,0.017044067,-0.001282692,0.021118164,0.03491211,0.006565094,0.014213562,-0.029724121,0.0032081604,-0.037231445,-0.0362854,0.0054740906,-0.0064353943,0.02180481,-0.014907837,0.038330078,0.009132385,-0.04788208,-0.003194809,-0.017959595,0.019851685,-0.0036773682,0.008255005,-0.030349731,0.01247406,-0.011146545,-0.021514893,0.015686035,0.03857422,0.02357483,0.0049552917,0.0055122375,0.04144287,0.0068206787,-0.013763428,0.01109314,0.0030899048,-0.025726318,0.0574646,-0.02079773,0.023544312,0.02734375,0.055633545,0.0028533936,0.0143585205,-0.0038833618,-0.008239746,-0.0049362183,0.0019798279,0.02911377,-0.045013428,-0.0035953522,0.011955261,-0.024093628,0.013183594,0.02607727,-0.011543274,0.019424438,0.021087646,-0.0013694763,-0.015388489,-0.007972717,0.02947998,-0.006706238,0.01235199,-0.0112838745,0.003320694,-0.016113281,0.013839722,0.02053833,-0.0049934387,-0.008644104,0.012580872]"
7fe454244d2739708b3484ddecf4937fe44afb38#2,7fe454244d2739708b3484ddecf4937fe44afb38,2,024a31b7f4fffa0a26f11f14ca16b115192e5c869916a28219a360bdcf158a22,"## Resident tax rates 2025–26

| Taxable income | Tax on this income |
| --- | --- |
| $0 – $18,200 | Nil |
| $18,201 – $45,000 | 16c for each $1 over $18,200 |
| $45,001 – $135,000 | $4,288 plus 30c for each $1 over $45,000 |
| $135,001 – $190,000 | $31,288 plus 37c for each $1 over $135,000 |
| $190,001 and over | $51,638 plus 45c for each $1 over $190,000 |","{""Tax rates – Australian resident"",""Resident tax rates 2025–26""}",Tax rates – Australian resident,https://www.ato.gov.au/tax-rates-and-codes/tax-rates-australian-residents,tax-rates-and-codes,,,"{2020-21,2021-22,2022-23,2023-24,2024-25,2025-26,2026-27}",1,active,,2026-09-29 03:59:56.345828+00,"## Resident tax rates 2025–26

| Taxable income | Tax on this income |
| --- | --- |
| $0 – $18,200 | Nil |
| $18,201 – $45,000 | 16c for each $1 over $18,200 |
| $45,001 – $135,000 | $4,288 plus 30c for each $1 over $45,000 |
| $135,001 – $190,000 | $31,288 plus 37c for each $1 over $135,000 |
| $190,001 and over | $51,638 plus 45c for each $1 over $190,000 |","[-0.011184692,0.009208679,0.07739258,0.016204834,-0.010131836,0.050323486,-0.025054932,-0.011695862,0.00040507317,-0.031707764,0.0044822693,0.008430481,0.03390503,0.013755798,0.04257202,-0.0060768127,0.011878967,0.009506226,-0.07623291,0.04638672,0.04586792,-0.014709473,-0.01096344,-0.02130127,0.012145996,0.0013589859,-0.049560547,-0.04159546,-0.013557434,0.025878906,0.018203735,-0.0012512207,0.015640259,-0.027633667,-0.029891968,-0.020736694,-0.013847351,-0.006008148,0.053527832,-0.011634827,-0.044769287,0.012924194,0.015899658,0.0154800415,-0.035217285,0.01096344,0.0012283325,-0.043670654,-0.029129028,0.0020637512,0.011192322,0.009208679,-0.0030021667,0.0287323,-0.07281494,-0.0004992485,-0.017059326,0.019744873,-0.007472992,-0.054138184,0.095825195,0.008628845,0.002576828,-0.022140503,-0.016494751,0.055908203,-0.016494751,0.043121338,0.022476196,-0.035003662,0.019989014,0.03439331,0.07055664,-0.011459351,0.02923584,-0.009063721,-0.027160645,-0.064086914,-0.004737854,-0.010528564,0.010147095,-0.0025043488,-0.002122879,0.009651184,0.066223145,0.02734375,-0.030014038,-0.04296875,-0.016189575,-0.011100769,-0.027740479,-0.02722168,-0.050872803,-0.020202637,0.010917664,-0.06036377,-0.025985718,0.0012807846,0.009857178,-0.022201538,0.033447266,0.010543823,0.04006958,0.00092077255,0.05206299,0.025543213,-0.032348633,0.0041618347,-0.014839172,0.014511108,-0.028808594,0.045318604,-0.016067505,0.020965576,-0.0211792,0.0051460266,-0.07067871,0.0040130615,0.013900757,-0.04248047,-0.020904541,-0.036865234,-0.015335083,0.0054893494,0.05392456,-0.033172607,-0.019866943,-0.00932312,-0.06549072,-0.036956787,0.0138549805,0.017501831,0.017410278,0.035583496,-0.048614502,0.0012493134,0.0077781677,0.023803711,0.0015211105,-0.06530762,0.06756592,0.017044067,0.012382507,0.01171875,-0.019073486,-0.0019254684,0.004924774,-0.009498596,-0.013122559,0.005832672,0.019851685,0.030517578,-0.055847168,0.019897461,-0.0059928894,-0.0121536255,0.004989624,0.039611816,-0.027114868,0.01864624,-0.051971436,-0.009262085,0.0038013458,0.014343262,0.03741455,0.023849487,0.0051574707,-0.020004272,-0.06964111,0.02029419,-0.023468018,0.018463135,0.046966553,-0.050476074,0.032592773,-0.017364502,-0.01146698,-0.036468506,0.021896362,0.022018433,-0.02192688,0.009185791,-0.03225708,0.0046539307,-0.0072250366,-0.014213562,-0.00079107285,-0.025009155,0.012779236,-0.009513855,0.031036377,-0.04046631,0.05343628,0.058624268,-0.023498535,0.0099487305,0.02973938,-0.008987427,-0.041656494,-0.037841797,0.019302368,-0.01159668,0.03463745,0.0062217712,-0.016860962,-0.0009822845,0.0010948181,0.013336182,0.02734375,-0.001461029,0.012901306,0.009002686,0.012107849,0.04812622,0.00046539307,0.0016679764,-0.027954102,-0.03152466,0.09844971,0.08886719,-0.0027179718,-0.0026569366,-0.032958984,0.0008196831,0.046051025,-0.019683838,-0.008338928,0.027816772,0.028579712,-0.028442383,-0.0047187805,-0.013626099,-0.028656006,-0.06341553,-0.022857666,0.0056114197,0.012557983,-0.06298828,-0.048828125,0.024108887,-0.028869629,0.024215698,0.05706787,0.024230957,0.016921997,-0.02305603,0.0030555725,-0.016860962,0.034973145,0.013572693,-0.01737976,6.6936016e-05,0.06402588,0.0072021484,-0.04119873,-0.0074920654,0.0335083,0.038482666,0.016677856,-0.0024757385,-0.015792847,-0.052764893,-0.030151367,-0.08013916,0.037139893,-0.027557373,0.016815186,0.048095703,0.021347046,-0.011528015,0.0287323,0.012237549,0.009986877,-0.05709839,-0.011009216,0.054229736,0.04751587,0.0012083054,0.013664246,0.005332947,-0.050231934,0.013519287,0.03945923,-0.013191223,-0.019683838,-0.055755615,-0.03567505,0.006790161,0.025222778,-0.04650879,0.061767578,0.023849487,-0.039764404,-0.04135132,0.015533447,1.2874603e-05,0.02670288,-0.10089111,0.0234375,-0.009811401,-0.012260437,0.045135498,-0.031433105,-0.024169922,0.0040512085,0.015670776,0.017471313,0.019546509,-0.03253174,0.037719727,0.0019702911,0.0113220215,-0.010292053,-0.055847168,0.011672974,0.0011987686,0.053009033,-0.03250122,0.028289795,0.021484375,0.04196167,-0.03289795,0.0070648193,-0.003578186,0.0075035095,0.014541626,-0.03262329,-0.02355957,-0.03353882,-0.059936523,-0.016860962,0.013870239,-0.003921509,-0.007637024,-0.035614014,0.031707764,-0.00040340424,0.018234253,-0.021057129,0.011894226,0.016418457,0.0027618408,-0.03161621,-0.01928711,0.010528564,-0.01852417,-0.011497498,0.024749756,0.015640259,0.027267456,-0.029418945,0.02999878,-9.286404e-05,0.025299072,-0.014457703,0.054870605,0.06945801,-0.029968262,-0.02268982,0.034454346,-0.048950195,0.018051147,0.0070152283,0.01399231,0.026855469,0.013175964,-0.04776001,0.010688782,0.03277588,-0.020355225,-0.0034675598,0.0052452087,0.015052795,0.0029277802,0.023025513,-0.04562378,0.016815186,0.028503418,0.06890869,-0.03668213,0.0119018555,0.03768921,0.00969696,0.0056648254,0.057159424,0.0005722046,0.010543823,0.0099487305,-0.011550903,-0.030929565,-0.0032424927,-0.0016517639,-0.024795532,0.026153564,0.012046814,-0.009590149,0.011512756,0.048950195,0.045684814,0.028762817,0.019714355,-0.014915466,-0.0072631836,-0.06036377,0.01146698,0.0178833,-0.018981934,-0.0041046143,0.011756897,-0.04458618,0.0076408386,-0.012870789,0.0022907257,-0.027374268,0.018829346,-0.038513184,0.0039711,0.038970947,-0.016448975,-0.024261475,-0.03111267,-0.022033691,-0.016464233,-0.040924072,-0.021652222,-0.019088745,0.018798828,0.008583069,-0.048431396,0.0066833496,0.030914307,0.020904541,-0.011192322,0.016281128,-0.024505615,0.015350342,-0.010040283,-0.03479004,0.03640747,0.0019006729,0.014198303,-0.028289795,-0.0032672882,-0.01689148,-0.029754639,-0.004764557,0.005382538,-0.02003479,0.06512451,0.007709503,-0.038360596,0.07043457,-0.018539429,-0.017486572,-0.029373169,0.0019607544,0.027740479,0.007801056,-0.0011482239,-0.019317627,0.024887085,0.016494751,0.027297974,-0.0129470825,0.03555298,-0.040100098,0.0017032623,0.007408142,0.0054130554,-0.00033068657,0.009666443,-0.020858765,-0.013076782,0.011741638,0.062072754,-0.03665161,-0.0053901672,-0.07757568,0.060028076,-0.05709839,-0.009307861,-0.0045166016,0.006538391,0.019515991,-0.0463562,-0.020095825,0.024810791,0.019332886,-0.032592773,0.0231781,0.018066406,-0.014778137,0.05090332,-0.014030457,0.04953003,-0.012382507,-0.057525635,0.0035953522,0.0014429092,-0.01322937,-0.026977539,-0.0067214966,0.054748535,-0.0033721924,0.046447754,-0.003856659,0.02029419,0.006942749,-0.03616333,0.05569458,0.013214111,0.004623413,-0.034362793,0.010429382,-0.00907135,0.032989502,-0.029647827,-0.0058784485,-0.021224976,0.016021729,0.0046844482,0.008773804,0.009025574,-0.017410278,0.022476196,-0.0014228821,0.03668213,-0.055847168,0.022460938,-0.06072998,-0.00995636,-0.0016965866,-0.0018482208,0.028549194,0.0066070557,0.017196655,0.004737854,-0.0010061264,-0.0034446716,-0.023544312,-0.024032593,0.03488159,0.0141067505,-0.01486969,0.017181396,0.025405884,0.03677368,-0.010223389,-0.026062012,-0.027252197,0.00592041,0.023208618,0.048614502,-0.011871338,-0.020858765,0.009521484,0.027038574,0.035888672,-0.016357422,-0.03668213,-0.027557373,-0.03439331,-0.0129776,-0.0067977905,0.027664185,0.010231018,-0.007904053,-0.008010864,0.009437561,0.025863647,0.037597656,-0.0019760132,-0.011428833,-0.04171753,-0.02154541,-0.013542175,0.015457153,0.0005249977,0.053649902,-0.0020427704,-0.018066406,0.027328491,0.026351929,-0.009864807,-0.005340576,0.05267334,-0.014877319,0.026168823,-0.022033691,-0.0234375,0.028030396,0.051452637,0.02696228,0.0048332214,-0.0068893433,-0.0048294067,-0.0012598038,-0.0107040405,-0.014823914,0.010299683,0.024749756,-0.018432617,-0.030303955,0.059509277,-0.02558899,-0.013450623,-0.0109939575,-0.015556335,-0.03781128,-0.02015686,-0.023254395,0.00039219856,0.0024681091,-0.017791748,-0.013763428,-0.020523071,-0.0046424866,0.0070266724,-0.026504517,0.008140564,-0.0015296936,-0.004837036,-0.034210205,0.0055122375,0.0151901245,0.037597656,-0.018676758,-0.035003662,0.038116455,0.02192688,-0.01259613,0.0138549805,-0.00522995,-0.030960083,-0.0037326813,0.010673523,-0.008865356,0.013580322,0.017105103,0.0066986084,0.035186768,0.0574646,0.031402588,0.049224854,0.012039185,-0.0082473755,0.005279541,-0.029785156,-0.016677856,-0.020339966,0.028167725,0.0047302246,-0.011070251,-0.04586792,-0.024551392,-0.015144348,0.043304443,0.012794495,-0.012580872,0.037597656,-0.0047798157,-0.0015296936,-0.012756348,0.023971558,0.016860962,0.019424438,-0.0116119385,-0.0009698868,-0.003566742,-0.020324707,-0.039611816,0.036499023,0.029205322,0.0025615692,0.039611816,0.007896423,0.013397217,0.014984131,-0.0071983337,-0.0082473755,0.03353882,-0.0016212463,-0.030700684,-0.044799805,-0.03262329,-0.036010742,0.03010559,-0.04916382,0.033355713,0.010635376,0.007926941,0.0019073486,0.044555664,0.013397217,0.013031006,0.04559326,0.0049324036,0.002670288,0.025772095,-0.06530762,-0.01184082,-0.011978149,0.009162903,-0.03353882,-0.008255005,0.0423584,-0.017822266,-0.0018062592,0.025436401,-0.028945923,-0.016677856,-0.011802673,0.0070991516,0.019470215,0.046142578,0.026794434,0.0024547577,-0.01713562,0.022903442,0.010383606,0.025512695,0.00598526,0.05029297,-0.0058784485,0.04776001,0.0042381287,-0.032348633,0.014541626,-0.046813965,0.0007815361,0.013946533,-0.021560669,-0.016738892,0.011459351,-0.017044067,0.024093628,-0.018814087,0.021957397,-0.021011353,0.003194809,-0.0074386597,-0.00447464,-0.011367798,-0.022857666,0.034362793,0.023162842,-0.004169464,0.04144287,-0.019821167,0.013175964,0.031829834,0.010681152,0.04647827,-0.040618896,0.021209717,-0.04736328,0.0049705505,0.00018298626,-0.013298035,-0.0036144257,-0.004386902,0.014854431,0.048187256,-0.0022621155,0.032928467,-0.029022217,0.005973816,-0.006629944,0.0040626526,0.007457733,-0.04559326,-0.010101318,-0.020431519,0.019012451,0.030593872,0.02520752,0.00028514862,-0.034057617,-0.023864746,0.01461792,-0.0046539307,0.019439697,0.011528015,-0.014732361,-0.025100708,0.00422287,0.042877197,-0.028320312,0.017929077,-0.0211792,-0.002872467,-0.022079468,-0.009719849,-0.024612427,-0.0010709763,0.026138306,0.0067443848,-0.03591919,0.016708374,-0.027404785,2.4497509e-05,0.010887146,-0.0007214546,-0.026641846,0.0008325577,-0.04446411,-0.019042969,-0.048614502,-0.05041504,0.0038013458,-0.024414062,0.03704834,-0.0075263977,-0.016204834,-0.007801056,0.029632568,0.0357666,-0.0357666,0.018829346,-0.0026988983,0.04486084,-0.02482605,-0.0060577393,0.008476257,-0.0063591003,0.0569458,-0.034851074,0.02330017,-0.010894775,0.005680084,-0.0036411285,0.03427124,-0.036132812,-0.004295349,0.024093628,0.0064430237,0.045166016,0.006576538,-0.029968262,0.033996582,0.054656982,0.0073890686,-0.016220093,-0.0309906,0.027816772,0.0011072159,0.021270752,-0.015731812,-0.001329422,0.020355225,0.0016098022,-0.004257202,-0.014343262,-0.015075684,-0.02508545,-0.061553955,0.00737381,0.019546509,-0.0030727386,0.009147644,-0.017196655,-0.034179688,0.0042152405,0.018127441,0.004032135,0.0019350052,-0.013008118,-0.01423645,0.0002734661,-0.016525269,0.005302429,-0.04736328,-0.029830933,0.0039978027,0.0056877136,-0.009216309,-0.020629883,-0.009719849,-0.013267517,0.015151978,-0.020401001,0.01222229,0.043884277,-0.004425049,0.033966064,0.03375244,-0.0085372925,0.018493652,-0.018249512,-0.015151978,-0.02583313,-0.0004813671,0.03149414,-0.0007109642,-0.015899658,-0.01965332,-0.0024204254,0.025421143,-0.016494751,-0.006679535,-0.026687622,-0.032165527,0.01689148,0.015464783,0.03918457,0.010681152,-0.04296875,0.0007805824,-0.008270264,0.0037403107,0.028427124,-0.060821533,0.032989502,0.004070282,-0.010650635,0.003622055,-0.010421753,-0.013687134,-0.0209198,0.0127334595,0.0029735565,-0.035858154,0.00015723705,-0.017227173,0.0026111603,-0.003314972,0.018814087,0.009246826,-0.015625,0.018798828,0.04586792,0.0038375854,-0.030181885,0.0181427,-0.01802063,0.01586914,-0.036071777,-0.001531601,0.0103302,0.010971069,0.013397217,0.004802704,0.00089883804,-0.039093018,0.010719299,0.005088806,0.0033893585,0.011329651,0.016174316,0.006214142,-0.0054244995,0.011482239,-0.0051879883,0.021987915,0.017547607,0.022567749,-0.033203125,-0.011505127,0.05633545,3.796816e-05,-0.0017261505,-0.010917664,-0.03225708,-0.01071167,-0.00944519,-0.010826111,0.020309448,0.038360596,0.039215088,0.0077400208,0.015350342,0.05178833,-0.016326904,-0.0028820038,-0.01927185,0.026611328,-0.0048179626,0.015602112,0.040222168,0.0072746277,-0.019989014,0.05606079,-0.028717041,-0.007911682,-0.00059366226,0.049926758,-0.008010864,0.0112838745,0.019104004,0.025970459,0.013259888,-0.015975952,-0.0042533875,0.011238098,0.02067566,0.0058288574,-0.039978027,0.038330078,-0.00029420853,0.031463623,0.012207031,-0.0047340393,0.015960693,0.0011205673,0.0116119385,0.047912598,0.062438965,0.011001587,-0.01763916,-0.023010254,-0.021102905,-0.008766174,-0.021850586,-0.0027942657,-0.0003068447,-0.03479004,0.031951904,-0.022415161,-0.021972656,-0.014587402,0.030151367,0.031219482,0.019638062,0.007156372,0.0028038025,0.026229858,-0.0035686493,-0.007949829,0.025344849,0.020904541,0.017532349,0.0043296814,0.043701172,0.027435303,0.031143188,0.0050621033,0.012298584,-0.021026611,-0.020904541,-0.006881714,-0.038391113,-0.025604248,0.0042533875,-0.026000977,-0.004638672,-0.017044067,-0.008590698,-0.002822876,0.0030937195,-0.0077285767,0.008598328,-0.016113281,-0.014732361,-0.007183075,0.011016846,0.009017944,-0.004142761,0.016357422,-0.0070991516,-0.01423645,-0.002166748,0.017120361,-0.00073957443,-0.009712219,0.014175415,0.0015554428,-0.0118255615,-0.0013370514,-0.03945923,0.042144775,-0.011703491,-0.008972168,0.02330017,-0.004386902,-0.012298584,0.01687622,0.006214142,-0.013923645,-0.011985779,0.051239014,-0.016082764,0.0066604614,-0.039916992,-0.0074272156,-0.024108887,-0.021881104,0.025802612,-0.00042581558,-0.0055236816,0.0021247864,0.007171631,-0.024276733,0.001376152,-0.02130127,0.010932922,0.015548706,0.0048828125,0.029418945,0.017486572,0.01197052,-0.038604736,-0.016998291,0.04208374,-0.03189087,-0.01109314,-0.039123535,-0.03237915,0.016021729,0.03540039,-0.023620605,0.0037288666,0.0012454987,0.0009012222,0.009849548,-0.017059326,-0.024597168,0.018203735,0.01902771,0.027114868,-0.02470398,-0.008338928,-0.0062828064,0.058166504,-0.018157959,-0.017059326,-0.0020599365,0.002998352,-0.0030136108,-0.010314941,-0.016647339,0.01234436,0.0020046234,0.00084733963,0.012672424,-0.02810669,-0.0040512085,-0.010406494,-0.0056991577,-0.012191772,-0.009132385,-0.021469116,0.028320312,-0.016983032,-0.020080566,0.010734558,-0.012672424,-0.009971619,0.08880615,0.019851685,-0.00573349,0.035095215,0.03479004,0.032928467,0.041168213,0.011779785,0.025131226,-0.008293152,-0.027145386,0.001786232,-0.007827759,-0.0071640015,0.019012451,0.030838013,0.006011963,0.01940918,0.034942627,0.03656006,0.00075626373,-0.028213501,0.0050735474,-4.7922134e-05,-0.0040512085,-0.0012102127,-0.00623703,-0.018997192,0.020553589,-0.025527954,-0.005432129,-0.007873535,0.04711914,0.017059326,-0.020050049,0.014892578,-0.016204834,-0.025970459,0.0041122437,0.035980225,-0.020904541,0.01222229,0.011230469,0.0052375793,-0.0011053085,-0.00029087067,-0.008934021,0.003686905,0.0005378723,0.013938904,-0.03378296,-0.0066375732,0.010932922,-0.013427734,0.04232788,-0.0037193298,0.026321411,0.005016327,-0.011726379,0.017730713,0.020263672,-0.0073432922,-0.0051078796,-0.028762817,-0.019958496,-0.030776978,-0.011558533,-0.009635925,-0.005744934,-0.027297974,-0.0067596436,0.008430481,-0.025634766,0.0211792,-0.013999939,0.023345947,-0.009033203,-0.011192322,0.013664246,0.017990112,0.014709473,-0.020339966,0.003206253,0.030807495,-0.026290894,-0.021652222,0.0068893433,-0.001745224,-0.028808594,0.007091522,-0.015060425,0.010719299,0.066345215,0.015129089,-0.01600647,-0.018417358,0.01008606,0.033050537,0.0007586479,0.016479492,0.03543091,-0.016479492,0.0012254715,0.036468506,0.020507812,0.01335907,0.012008667,-0.014122009,0.009178162,-0.023605347,-0.023742676,-0.018478394,0.033172607,-0.02293396,-0.018341064,0.011627197,-0.037353516,-0.017227173,0.022705078,0.0038433075,0.010856628,0.017700195,-0.020462036,-0.015426636,-0.030151367,-0.02192688,0.007621765,0.025924683,0.004234314,0.029312134,0.046722412,-0.0061454773,-0.010543823,0.026290894,0.001502037,-0.013336182,0.006778717,-0.017959595,0.002439499,0.012466431,-0.036865234,-0.010498047,0.0035896301,0.018478394,-0.023391724,-0.0053215027,-0.022384644,-0.0024356842,0.009750366,-0.01977539,-0.011329651,0.005191803,-0.003452301,0.011680603,0.03427124,-0.004043579,0.024673462,-0.051116943,0.0143966675,0.025054932,0.029922485,-0.0026607513,-0.0014352798,-0.03692627,0.01260376,0.029785156,0.027038574,0.02458191,-0.006969452,0.0025634766,-0.024093628,-0.0095825195,4.9948692e-05,0.0049057007,0.0062179565,0.008308411,-0.029785156,0.03036499,0.006504059,0.027618408,-0.014892578,-0.019882202,-0.040893555,0.037231445,0.021270752,0.03427124,0.0058250427,-0.015556335,-0.011909485,-0.00029611588,0.047729492,-0.00730896,0.0028800964,0.006385803,0.04534912,-0.016189575,-0.016403198,0.030563354,-0.009346008,0.060028076,0.0063552856,0.010650635,-0.028213501,-0.033477783,-0.021499634,0.01852417,-0.023635864,0.010635376,-0.011451721,-0.0090789795,-0.0057373047,0.010467529,-0.0054244995,0.023742676,0.018829346,-0.0009355545,-0.029937744,0.00015068054,-0.006214142,0.002878189,-0.00028800964,0.032104492,0.011184692,0.00687027,0.026290894,-0.035614014,0.033691406,0.013092041,0.02357483,-0.019439697,3.8266182e-05,-0.020996094,-0.027770996,-0.0055236816,-0.0032596588,0.00907135,-0.00774765,0.022338867,-0.034332275,0.006008148,0.00944519,-0.017089844,-0.013633728,-0.019104004,-0.007335663,-0.018844604,0.027114868,-0.016479492,-0.012924194,0.0076293945,0.0061149597,-0.0042686462,0.019577026,-0.01197052,0.0025806427,-0.0072364807,-0.026779175,-0.0064315796,0.0138549805,-0.0026054382,-0.025604248,0.0013837814,0.01727295,0.031677246,0.0043258667,0.002538681,0.0016489029,-0.037597656,0.0016679764,-0.020141602,0.00014257431,-0.017440796,-0.001074791,-0.01626587,0.018692017,0.03274536,0.0016317368,-0.046173096,0.00856781,-0.019073486,0.023269653,0.036193848,-0.005886078,-0.043060303,0.021728516,-0.008041382,0.03314209,0.00687027,-0.024780273,0.023666382,0.0029716492,-0.001627922,-0.0158844,-0.037200928,0.012817383,-0.04574585,-0.0008907318,-0.01676941,0.002691269,0.012260437,0.030197144,-0.0046844482,0.020812988,-0.0025978088,-0.0037517548,0.009635925,-0.022750854,0.011627197,-0.007419586,-0.01335144,-0.0435791,0.028900146,-0.021102905,0.049835205,-0.024398804,-0.0059890747,-0.002128601,0.021087646,0.0014925003,0.020568848,0.032440186,0.01033783,0.014930725,-0.029281616,0.0038700104,-0.030288696,-0.041381836,0.0025558472,-0.007183075,0.016860962,-0.015205383,0.039489746,0.0067329407,-0.045410156,0.0019464493,-0.015945435,0.020828247,-0.007320404,0.005344391,-0.02861023,0.010917664,-0.009811401,-0.02319336,0.014877319,0.042419434,0.023376465,0.0043792725,0.0046806335,0.043121338,0.0017261505,-0.022613525,0.007843018,0.0035991669,-0.030563354,0.0546875,-0.0211792,0.03363037,0.031829834,0.05606079,0.0035362244,0.01436615,-0.00554657,-0.0015773773,-0.0072021484,0.0018844604,0.027404785,-0.04840088,-0.0043029785,0.014450073,-0.023010254,0.0033721924,0.028945923,-0.004386902,0.014289856,0.02394104,-0.0026779175,-0.012718201,-0.009216309,0.03012085,-0.005191803,0.0116119385,-0.0067977905,0.0009813309,-0.013900757,0.012336731,0.01739502,-0.0067710876,-0.008224487,0.0095825195]"
7fe454244d2739708b3484ddecf4937fe44afb38#3,7fe454244d2739708b3484ddecf4937fe44afb38,3,f81b5705b6bf3e34db57041b014f1055608161ea67f773e109922d88b0aa38b6,"## Resident tax rates 2024–25

| Taxable income | Tax on this income |
| --- | --- |
| $0 – $18,200 | Nil |
| $18,201 – $45,000 | 16c for each $1 over $18,200 |
| $45,001 – $135,000 | $4,288 plus 30c for each $1 over $45,000 |
| $135,001 – $190,000 | $31,288 plus 37c for each $1 over $135,000 |
| $190,001 and over | $51,638 plus 45c for each $1 over $190,000 |","{""Tax rates – Australian resident"",""Resident tax rates 2024–25""}",Tax rates – Australian resident,https://www.ato.gov.au/tax-rates-and-codes/tax-rates-australian-residents,tax-rates-and-codes,,,"{2020-21,2021-22,2022-23,2023-24,2024-25,2025-26,2026-27}",1,active,,2026-09-29 03:59:56.34585+00,"## Resident tax rates 2024–25

| Taxable income | Tax on this income |
| --- | --- |
| $0 – $18,200 | Nil |
| $18,201 – $45,000 | 16c for each $1 over $18,200 |
| $45,001 – $135,000 | $4,288 plus 30c for each $1 over $45,000 |
| $135,001 – $190,000 | $31,288 plus 37c for each $1 over $135,000 |
| $190,001 and over | $51,638 plus 45c for each $1 over $190,000 |","[-0.015274048,0.0065345764,0.078552246,0.02432251,-0.009277344,0.049194336,-0.027297974,-0.011985779,0.0013008118,-0.026229858,0.00712204,0.011375427,0.037994385,0.020187378,0.044128418,-0.009811401,0.007286072,0.011566162,-0.07183838,0.047058105,0.042266846,-0.018997192,-0.014465332,-0.035095215,0.012138367,0.008178711,-0.052215576,-0.04776001,-0.012565613,0.03137207,0.016799927,-0.00036263466,0.019836426,-0.030776978,-0.02659607,-0.02279663,-0.015289307,-0.008056641,0.052246094,-0.014060974,-0.053527832,0.011474609,0.01763916,0.008476257,-0.03552246,0.016036987,0.0024738312,-0.037200928,-0.02999878,0.00035476685,0.010154724,0.014724731,-0.0036888123,0.038085938,-0.0736084,-0.0031166077,-0.014595032,0.018600464,-0.008583069,-0.04724121,0.0927124,0.00806427,0.010375977,-0.016296387,-0.022384644,0.057403564,-0.021194458,0.04446411,0.027236938,-0.029953003,0.018859863,0.03479004,0.0793457,-0.014846802,0.030914307,-0.009963989,-0.024993896,-0.06561279,-0.0048980713,-0.009262085,0.009346008,-0.002872467,-0.008026123,0.014533997,0.062072754,0.024536133,-0.030075073,-0.037322998,-0.010887146,-0.017807007,-0.023910522,-0.02268982,-0.045715332,-0.020462036,0.0032672882,-0.06213379,-0.03338623,-0.0050468445,0.0022201538,-0.01977539,0.03375244,0.00945282,0.044921875,0.0049095154,0.050628662,0.0289917,-0.035308838,-0.0015134811,-0.013023376,0.011268616,-0.027053833,0.042510986,-0.012496948,0.015960693,-0.016983032,0.0002641678,-0.07147217,-0.003080368,0.01272583,-0.041290283,-0.019622803,-0.03366089,-0.016098022,0.005012512,0.057800293,-0.03189087,-0.02041626,-0.010391235,-0.061401367,-0.037353516,0.016708374,0.021957397,0.017425537,0.034729004,-0.044036865,0.003921509,0.0056915283,0.023788452,0.007030487,-0.06951904,0.070007324,0.019226074,0.008285522,0.012687683,-0.02444458,-0.002199173,0.008911133,-0.013916016,-0.01878357,0.00793457,0.017608643,0.030578613,-0.049957275,0.01525116,-0.0033054352,-0.008666992,0.0041007996,0.040527344,-0.026062012,0.021697998,-0.053222656,-0.012123108,0.0011358261,0.01133728,0.036224365,0.020065308,0.0037994385,-0.022994995,-0.068603516,0.015670776,-0.02319336,0.01979065,0.044769287,-0.047668457,0.03564453,-0.012550354,-0.0051727295,-0.031463623,0.021987915,0.019515991,-0.018997192,0.0048446655,-0.023544312,0.0030212402,-0.008293152,-0.0071487427,0.003522873,-0.025619507,0.011688232,-0.0079193115,0.028198242,-0.04168701,0.05593872,0.0552063,-0.024887085,0.010185242,0.020492554,-0.0076904297,-0.039031982,-0.03604126,0.02015686,-0.0181427,0.03466797,0.0051498413,-0.01360321,0.00029993057,0.004764557,0.005771637,0.021972656,-0.0018587112,0.021575928,0.0143585205,0.013801575,0.040771484,-0.0021514893,0.004573822,-0.021377563,-0.033447266,0.09643555,0.08843994,-0.012184143,-0.0009794235,-0.036865234,0.00409317,0.042541504,-0.021636963,-0.0038547516,0.02268982,0.026947021,-0.031677246,-0.005470276,-0.01134491,-0.030593872,-0.06341553,-0.025848389,-0.0038089752,0.014755249,-0.066467285,-0.04537964,0.017990112,-0.033813477,0.023727417,0.054382324,0.022964478,0.01776123,-0.027709961,0.0014257431,-0.021011353,0.038208008,0.018417358,-0.018661499,-0.0027656555,0.06652832,0.0099105835,-0.036346436,-0.0063934326,0.040802002,0.04208374,0.017440796,-0.0062561035,-0.015037537,-0.052337646,-0.027633667,-0.08795166,0.03591919,-0.026565552,0.017944336,0.047851562,0.015419006,-0.009597778,0.028900146,0.0138168335,0.012260437,-0.053863525,-0.011871338,0.0579834,0.04763794,-0.000562191,0.015380859,0.008636475,-0.045196533,0.009170532,0.038482666,-0.016647339,-0.021987915,-0.05441284,-0.03302002,0.011222839,0.026611328,-0.038482666,0.06756592,0.024963379,-0.042541504,-0.038879395,0.010543823,-0.0021076202,0.035095215,-0.105163574,0.029586792,-0.008377075,-0.009628296,0.040740967,-0.027709961,-0.02104187,-0.0024757385,0.025787354,0.016647339,0.020645142,-0.025634766,0.031219482,-0.0048217773,0.015602112,-0.00699234,-0.051971436,0.010353088,0.001584053,0.052093506,-0.033691406,0.025436401,0.024108887,0.043823242,-0.034362793,0.009315491,-0.008544922,0.008911133,0.013908386,-0.027786255,-0.027755737,-0.032348633,-0.05999756,-0.015930176,0.019226074,-0.0023460388,-0.0078125,-0.034210205,0.03289795,-0.005558014,0.017181396,-0.021820068,0.00969696,0.014579773,-0.0012149811,-0.036193848,-0.019943237,0.0064353943,-0.01687622,-0.014183044,0.023391724,0.020568848,0.023269653,-0.02911377,0.025405884,0.004447937,0.021209717,-0.01398468,0.0546875,0.07043457,-0.023132324,-0.016845703,0.034240723,-0.053497314,0.018325806,0.007911682,0.009552002,0.027526855,0.014854431,-0.044281006,0.0069274902,0.034088135,-0.021774292,0.00077676773,0.0019302368,0.019836426,-0.0018033981,0.026641846,-0.044525146,0.016418457,0.022598267,0.072631836,-0.031402588,0.01234436,0.04284668,0.012245178,0.006340027,0.05859375,0.0033435822,0.015510559,0.002632141,-0.0076293945,-0.03643799,-0.003643036,-0.00087070465,-0.024719238,0.025772095,0.009338379,-0.0067596436,0.013122559,0.04498291,0.04348755,0.023956299,0.011444092,-0.009483337,-0.0026683807,-0.056915283,0.015365601,0.015602112,-0.014373779,-0.0044174194,0.009780884,-0.044647217,0.0070495605,-0.01259613,-0.0017871857,-0.023605347,0.020843506,-0.036132812,0.0017461777,0.042388916,-0.014778137,-0.0231781,-0.024810791,-0.02003479,-0.020004272,-0.03878784,-0.02659607,-0.019866943,0.020629883,0.010246277,-0.048706055,0.009346008,0.033569336,0.02166748,-0.016189575,0.014465332,-0.028961182,0.014060974,-0.017532349,-0.040161133,0.031677246,0.006843567,0.017730713,-0.0362854,-0.006137848,-0.016967773,-0.030654907,-0.0070381165,0.0029239655,-0.023925781,0.06890869,0.0053634644,-0.03579712,0.07489014,-0.012779236,-0.017181396,-0.028411865,0.0014886856,0.025405884,0.0073432922,-0.0011367798,-0.022033691,0.033081055,0.018585205,0.027526855,-0.005455017,0.033843994,-0.03213501,0.0008234978,0.008811951,-0.0012683868,-0.0026664734,0.0010643005,-0.021102905,-0.009086609,0.011924744,0.06390381,-0.037963867,-0.010765076,-0.080444336,0.060821533,-0.05895996,-0.013748169,0.0002746582,0.0075187683,0.015777588,-0.04837036,-0.019134521,0.0236969,0.019607544,-0.029449463,0.025787354,0.016357422,-0.009429932,0.05432129,-0.013839722,0.04837036,-0.010810852,-0.053955078,0.0073051453,-7.70092e-05,-0.020019531,-0.03451538,-0.006828308,0.053344727,-0.0017786026,0.037139893,0.00022029877,0.022720337,0.0073776245,-0.033172607,0.051971436,0.015472412,0.0010004044,-0.0362854,0.01499939,-0.01083374,0.03387451,-0.021255493,-0.007331848,-0.023086548,0.015914917,0.0055007935,0.00920105,0.0024528503,-0.020568848,0.026290894,-0.0031776428,0.03164673,-0.054901123,0.021057129,-0.058654785,-0.010879517,-0.0042419434,-0.0046310425,0.028717041,0.0055618286,0.018356323,0.005748749,-0.0031490326,-0.0024929047,-0.026977539,-0.023605347,0.034210205,0.0118637085,-0.015548706,0.015640259,0.02658081,0.032836914,-0.011703491,-0.026977539,-0.03286743,0.004901886,0.022232056,0.049560547,-0.008735657,-0.0209198,0.011482239,0.024902344,0.033050537,-0.016189575,-0.02809143,-0.020935059,-0.032409668,-0.010986328,-0.00699234,0.026519775,0.008575439,-0.011398315,-0.005958557,0.011161804,0.019226074,0.037597656,0.0014123917,-0.0110321045,-0.040802002,-0.023132324,-0.0154800415,0.014076233,-0.0027637482,0.053863525,-0.0047836304,-0.016311646,0.028717041,0.025863647,-0.0072898865,-0.008628845,0.053710938,-0.014129639,0.023834229,-0.026519775,-0.027191162,0.030258179,0.049468994,0.032073975,0.00043344498,-0.007091522,-0.0024375916,-0.006462097,-0.0051193237,-0.019195557,0.011108398,0.023208618,-0.019622803,-0.029525757,0.05126953,-0.02557373,-0.011695862,-0.018432617,-0.015930176,-0.03286743,-0.020950317,-0.02217102,-0.00084400177,-0.00027775764,-0.016220093,-0.014854431,-0.017211914,-0.011436462,0.001247406,-0.026260376,0.010261536,-0.0050697327,-0.00459671,-0.03451538,0.0010843277,0.017562866,0.037719727,-0.024642944,-0.031951904,0.0413208,0.019927979,-0.007446289,0.008178711,-0.0018863678,-0.029037476,-0.0012550354,0.01020813,-0.008224487,0.013397217,0.018234253,0.010475159,0.040649414,0.062042236,0.033111572,0.05090332,0.009338379,-0.004737854,0.00248909,-0.035186768,-0.018859863,-0.016708374,0.03152466,0.010002136,-0.01335907,-0.04055786,-0.024917603,-0.0146865845,0.042816162,0.014091492,-0.013618469,0.03491211,-0.005924225,0.0012226105,-0.014801025,0.019714355,0.015068054,0.020477295,-0.015167236,0.0006995201,-0.008903503,-0.0107040405,-0.038879395,0.03390503,0.0335083,-0.00046110153,0.035461426,0.001124382,0.016098022,0.0138168335,-0.015159607,-0.0084991455,0.029876709,-0.00242424,-0.03314209,-0.03894043,-0.029434204,-0.035736084,0.034606934,-0.044189453,0.035125732,0.012001038,0.0031280518,-0.0037174225,0.046539307,0.008369446,0.013969421,0.040527344,0.0038414001,0.00058984756,0.029968262,-0.06512451,-0.016952515,-0.014663696,0.009681702,-0.036376953,-0.008911133,0.040405273,-0.027053833,-0.0030555725,0.030212402,-0.026641846,-0.014572144,-0.013908386,0.009475708,0.01852417,0.043426514,0.028564453,-1.6391277e-05,-0.016296387,0.025466919,0.013038635,0.025421143,0.010925293,0.04788208,-0.008049011,0.046966553,0.010055542,-0.033477783,0.009208679,-0.052581787,0.0043792725,0.018798828,-0.023651123,-0.01374054,0.010643005,-0.021499634,0.02659607,-0.021987915,0.024230957,-0.020370483,0.0017528534,-0.0077934265,-0.0020275116,-0.006965637,-0.02053833,0.03387451,0.017547607,-0.0018587112,0.039123535,-0.02015686,0.0137786865,0.031036377,0.010574341,0.04562378,-0.04248047,0.02015686,-0.047332764,0.0028514862,0.008514404,-0.013198853,0.0009303093,-0.010978699,0.016693115,0.047973633,-0.0039482117,0.03125,-0.027679443,0.008102417,-0.004760742,0.007408142,0.008132935,-0.05206299,-0.008934021,-0.019073486,0.01902771,0.025115967,0.019577026,-7.6293945e-05,-0.03543091,-0.027191162,0.012489319,-0.0045433044,0.01914978,0.012077332,-0.016204834,-0.02368164,2.104044e-05,0.041290283,-0.027420044,0.018829346,-0.021362305,-0.0036354065,-0.025878906,-0.014152527,-0.02230835,-0.00035715103,0.031066895,0.0054397583,-0.0335083,0.015159607,-0.026748657,-0.0066566467,0.008911133,0.006248474,-0.025390625,0.0037136078,-0.0395813,-0.019439697,-0.05114746,-0.04849243,0.007434845,-0.020629883,0.03817749,-0.0052871704,-0.011787415,-0.009475708,0.03274536,0.04046631,-0.03729248,0.016830444,-0.008285522,0.03955078,-0.023132324,-0.011161804,0.009681702,-0.005115509,0.060424805,-0.033569336,0.023651123,-0.008575439,0.0063209534,-0.0041542053,0.032806396,-0.037261963,-0.0040512085,0.026794434,0.009521484,0.046661377,0.008117676,-0.025863647,0.030670166,0.056762695,0.0023441315,-0.012763977,-0.02848816,0.025802612,0.0032901764,0.0236969,-0.019042969,-0.005344391,0.021713257,-0.001868248,-0.013038635,-0.012771606,-0.013748169,-0.023025513,-0.061401367,0.0065727234,0.01751709,-0.0053596497,0.010551453,-0.018096924,-0.03353882,0.0021820068,0.01687622,0.005191803,0.0045280457,-0.007095337,-0.014945984,0.0026683807,-0.014411926,0.014533997,-0.043121338,-0.034576416,0.0013370514,0.008018494,-0.0079422,-0.023162842,-0.011474609,-0.015609741,0.010482788,-0.01939392,0.010505676,0.04168701,0.0004415512,0.035705566,0.036315918,-0.009788513,0.016021729,-0.020355225,-0.013595581,-0.02619934,0.0012731552,0.032073975,0.0021839142,-0.013999939,-0.0209198,-0.0019168854,0.020721436,-0.017669678,-0.010894775,-0.032592773,-0.031204224,0.014625549,0.015548706,0.034576416,0.013412476,-0.04296875,-7.390976e-06,-0.0058021545,0.002790451,0.024719238,-0.06304932,0.035736084,-0.0010948181,-0.004257202,0.00793457,-0.0067825317,-0.016845703,-0.023666382,0.010246277,-0.00015962124,-0.03274536,0.0036258698,-0.014556885,0.0040893555,-0.0025672913,0.018966675,0.0076026917,-0.01890564,0.021362305,0.046203613,-0.00024187565,-0.029190063,0.017532349,-0.018463135,0.013381958,-0.040374756,-0.001750946,0.012229919,0.012184143,0.015625,0.0053596497,-0.00018775463,-0.036254883,0.010040283,0.006385803,0.0030918121,0.014259338,0.015609741,0.0019168854,-0.0052833557,0.013542175,-0.0048942566,0.022949219,0.019226074,0.026504517,-0.030410767,-0.008682251,0.053894043,0.0010299683,-0.002784729,-0.013160706,-0.0309906,-0.013580322,-0.0075187683,-0.0062713623,0.023117065,0.03515625,0.038269043,0.01725769,0.009239197,0.051574707,-0.017944336,-0.0019159317,-0.02116394,0.026977539,-0.010009766,0.014518738,0.041809082,0.0146865845,-0.020217896,0.054534912,-0.030517578,-0.0076560974,-0.008705139,0.051757812,-0.003665924,0.012565613,0.018692017,0.023132324,0.011779785,-0.01876831,-0.0034866333,0.01158905,0.015350342,0.0040245056,-0.042266846,0.034179688,0.0028095245,0.035095215,0.011871338,-0.0073051453,0.021697998,0.0054740906,0.011756897,0.046417236,0.057434082,0.012634277,-0.019348145,-0.02418518,-0.022506714,-0.00793457,-0.023513794,-0.0062446594,-0.0014257431,-0.03945923,0.0289917,-0.027420044,-0.01890564,-0.01335907,0.030776978,0.030410767,0.017669678,0.010276794,0.003074646,0.022247314,-0.0013027191,-0.0074157715,0.026046753,0.026138306,0.018875122,0.003648758,0.039276123,0.031021118,0.031097412,0.0035152435,0.015625,-0.021133423,-0.018920898,-0.0054016113,-0.042236328,-0.024093628,0.006668091,-0.016067505,-0.0057640076,-0.015037537,-0.011047363,-0.006958008,0.0041618347,-0.009880066,0.005050659,-0.016860962,-0.014579773,-0.0069999695,0.008705139,0.009407043,-0.0060157776,0.016571045,0.00043654442,-0.01574707,0.0025672913,0.018325806,0.0010986328,-0.0118637085,0.014923096,0.0023097992,-0.006187439,-0.003545761,-0.03933716,0.045806885,-0.012687683,-0.008453369,0.02520752,0.00034737587,-0.012542725,0.018920898,0.0075645447,-0.017623901,-0.014518738,0.052642822,-0.011367798,0.007926941,-0.03427124,7.987022e-06,-0.02558899,-0.027374268,0.03010559,-0.0003669262,-0.009140015,-0.00014090538,0.008514404,-0.026245117,0.0025634766,-0.017669678,0.010627747,0.0137786865,0.008605957,0.028335571,0.015670776,0.008728027,-0.04083252,-0.01259613,0.041992188,-0.034820557,-0.00920105,-0.03933716,-0.029953003,0.014465332,0.030654907,-0.023345947,0.0025577545,0.000344038,-0.0017271042,0.006576538,-0.015129089,-0.023757935,0.017715454,0.01876831,0.028671265,-0.023040771,-0.010681152,-0.0017576218,0.060577393,-0.026519775,-0.013031006,0.00073719025,0.0030155182,-0.0029830933,-0.015014648,-0.017425537,0.0138549805,0.0004541874,-0.004512787,0.008544922,-0.024673462,-0.0024051666,-0.011070251,-0.0054359436,-0.013412476,-0.01159668,-0.022415161,0.03213501,-0.015037537,-0.02458191,0.010139465,-0.017181396,-0.013633728,0.08807373,0.026123047,-0.0030574799,0.034088135,0.032592773,0.030471802,0.03793335,0.015548706,0.025650024,-0.0067710876,-0.027374268,-0.00042510033,-0.007637024,-0.005092621,0.01637268,0.032592773,0.0032157898,0.018310547,0.032287598,0.0340271,-0.0017232895,-0.03152466,0.007259369,0.0045661926,-0.0039482117,-0.003194809,-0.0046806335,-0.015129089,0.027557373,-0.031066895,-0.007881165,-0.004714966,0.053009033,0.016998291,-0.018676758,0.020996094,-0.008972168,-0.026611328,0.009674072,0.0335083,-0.022964478,0.014541626,0.011634827,0.001502037,0.00043177605,0.00082969666,-0.006980896,-0.001496315,-0.0053710938,0.011474609,-0.03189087,-0.005340576,0.012527466,-0.016159058,0.03967285,-0.0013074875,0.030670166,0.006175995,-0.01525116,0.014404297,0.018112183,-0.0058555603,-0.0026111603,-0.029891968,-0.021057129,-0.027893066,-0.007545471,-0.006450653,-0.006263733,-0.028305054,-0.0007491112,0.012619019,-0.023361206,0.018463135,-0.012268066,0.019989014,-0.007896423,-0.008392334,0.011932373,0.023406982,0.01663208,-0.02116394,0.001540184,0.03062439,-0.024658203,-0.0289917,0.0056381226,-0.004962921,-0.030593872,0.0043754578,-0.01751709,0.0070762634,0.066833496,0.011665344,-0.010299683,-0.016311646,0.009567261,0.031707764,0.003479004,0.015075684,0.030227661,-0.017913818,-0.001033783,0.037384033,0.023147583,0.016464233,0.015731812,-0.011604309,0.008911133,-0.024932861,-0.02279663,-0.019699097,0.030761719,-0.024627686,-0.01890564,0.01272583,-0.037872314,-0.026168823,0.023071289,0.0045814514,0.011695862,0.016159058,-0.018066406,-0.015571594,-0.028457642,-0.015388489,0.0046653748,0.022994995,0.007785797,0.026931763,0.046081543,-0.005252838,-0.008468628,0.027862549,-0.0030212402,-0.0057144165,0.0031471252,-0.020614624,0.0073623657,0.013313293,-0.034729004,-0.011833191,0.0019607544,0.015914917,-0.027420044,-0.0067710876,-0.02079773,-0.005756378,0.016830444,-0.025466919,-0.010345459,0.0067634583,-0.0032310486,0.011077881,0.03643799,0.0005927086,0.023330688,-0.05050659,0.0131073,0.02180481,0.03125,-0.0021152496,-8.72612e-05,-0.032592773,0.013595581,0.024887085,0.024398804,0.026138306,-0.004840851,0.0033893585,-0.023635864,-0.010620117,0.000767231,0.002872467,0.012397766,0.011474609,-0.027374268,0.031707764,0.0024738312,0.020431519,-0.014411926,-0.019042969,-0.042633057,0.036193848,0.021560669,0.036834717,0.0020370483,-0.014221191,-0.015052795,-0.0018339157,0.04788208,-0.004928589,0.0030097961,0.0077590942,0.04220581,-0.01234436,-0.01902771,0.032714844,-0.011444092,0.057922363,0.005996704,0.0103302,-0.029556274,-0.03894043,-0.026901245,0.013908386,-0.022140503,0.008842468,-0.009780884,-0.01008606,-0.006313324,0.014633179,-0.005279541,0.027923584,0.013725281,-0.0019607544,-0.03152466,0.0029907227,-0.004337311,-0.0010557175,0.0014076233,0.03475952,0.0088272095,0.0079956055,0.023971558,-0.037506104,0.034698486,0.016021729,0.022583008,-0.018310547,0.00044465065,-0.019500732,-0.022155762,-0.008911133,-0.0032978058,0.012687683,-0.0070381165,0.024963379,-0.036468506,0.010002136,0.012832642,-0.011169434,-0.015670776,-0.020324707,-0.012542725,-0.02067566,0.029006958,-0.018814087,-0.012535095,0.0073776245,0.0046081543,-0.006881714,0.018447876,-0.010093689,0.0044517517,-0.006668091,-0.025817871,-0.0043182373,0.011413574,-0.00026082993,-0.020019531,-0.00029206276,0.016464233,0.03152466,0.004711151,0.002943039,0.0027103424,-0.032287598,0.0010299683,-0.019638062,0.003698349,-0.01449585,-0.0017757416,-0.011001587,0.01939392,0.02760315,0.0036716461,-0.043304443,0.008407593,-0.018478394,0.02456665,0.03778076,-0.006538391,-0.045776367,0.022415161,-0.010139465,0.028640747,0.0042152405,-0.01776123,0.019165039,-0.0035324097,-0.0010700226,-0.016616821,-0.03878784,0.015350342,-0.047058105,-0.002357483,-0.018341064,0.0079422,0.0062065125,0.0340271,-0.0013332367,0.022506714,0.005004883,-0.0066719055,0.008682251,-0.026321411,0.011070251,-0.0040245056,-0.013946533,-0.045715332,0.028625488,-0.018249512,0.045837402,-0.025024414,-0.007835388,0.0019702911,0.018997192,0.0023918152,0.02432251,0.032836914,0.014167786,0.019058228,-0.029769897,0.0047035217,-0.032196045,-0.041931152,-0.0003578663,-0.004219055,0.0129852295,-0.012420654,0.032836914,0.006843567,-0.045684814,0.0009880066,-0.011291504,0.019073486,-0.0058517456,0.0107421875,-0.030593872,0.009162903,-0.01071167,-0.02571106,0.016464233,0.039642334,0.017807007,0.0066108704,0.0014467239,0.04248047,0.0066986084,-0.019592285,0.0134887695,0.0045814514,-0.026504517,0.053100586,-0.022201538,0.030731201,0.024475098,0.060455322,0.0027809143,0.014976501,-0.0039482117,-0.0087509155,-0.003648758,0.0048103333,0.027496338,-0.051208496,-0.0029182434,0.012649536,-0.022766113,0.005947113,0.026443481,-0.003528595,0.017471313,0.017852783,-0.0058555603,-0.0119018555,-0.007801056,0.030258179,-0.0031051636,0.01159668,-0.008331299,-0.0013256073,-0.0132751465,0.011421204,0.020339966,-0.008384705,-0.008728027,0.0137786865]"
7fe454244d2739708b3484ddecf4937fe44afb38#4,7fe454244d2739708b3484ddecf4937fe44afb38,4,af7f3c5c5d8bde0f4b4e3a33df9ff707dd7c02dc636d495238bfafe38c83aba6,"## Resident tax rates 2023–24

| Taxable income | Tax on this income |
| --- | --- |
| $0 – $18,200 | Nil |
| $18,201 – $45,000 | 19c for each $1 over $18,200 |
| $45,001 – $120,000 | $5,092 plus 32.5c for each $1 over $45,000 |
| $120,001 – $180,000 | $29,467 plus 37c for each $1 over $120,000 |
| $180,001 and over | $51,667 plus 45c for each $1 over $180,000 |","{""Tax rates – Australian resident"",""Resident tax rates 2023–24""}",Tax rates – Australian resident,https://www.ato.gov.au/tax-rates-and-codes/tax-rates-australian-residents,tax-rates-and-codes,,,"{2020-21,2021-22,2022-23,2023-24,2024-25,2025-26,2026-27}",1,active,,2026-09-29 03:59:56.345871+00,"## Resident tax rates 2023–24

| Taxable income | Tax on this income |
| --- | --- |
| $0 – $18,200 | Nil |
| $18,201 – $45,000 | 19c for each $1 over $18,200 |
| $45,001 – $120,000 | $5,092 plus 32.5c for each $1 over $45,000 |
| $120,001 – $180,000 | $29,467 plus 37c for each $1 over $120,000 |
| $180,001 and over | $51,667 plus 45c for each $1 over $180,000 |","[-0.019546509,0.0055770874,0.07946777,0.020767212,0.0014867783,0.04119873,-0.019638062,-0.013038635,0.0066986084,-0.023391724,0.0067863464,0.021713257,0.028442383,0.021972656,0.03894043,-0.0044670105,0.017623901,0.006565094,-0.066467285,0.05532837,0.034576416,-0.01600647,-0.01436615,-0.03652954,0.0068511963,0.010665894,-0.042297363,-0.04550171,-0.012382507,0.026107788,0.026550293,-0.0035858154,0.014976501,-0.02130127,-0.024902344,-0.024902344,-0.019119263,-0.007881165,0.047424316,-0.011367798,-0.051208496,0.0065727234,0.016784668,0.0011405945,-0.03375244,0.010398865,-0.00046157837,-0.043273926,-0.029800415,0.0046920776,0.009178162,0.01852417,-0.0054512024,0.03967285,-0.07354736,-0.005466461,-0.018920898,0.019729614,-0.009864807,-0.04837036,0.099243164,0.011543274,0.0143966675,-0.00856781,-0.024307251,0.059814453,-0.017837524,0.044311523,0.025848389,-0.02305603,0.022064209,0.034484863,0.082336426,-0.018859863,0.041015625,-0.010025024,-0.026428223,-0.058624268,-0.011856079,-0.0074310303,0.008468628,-0.0088272095,-0.005886078,0.013664246,0.06402588,0.0289917,-0.025527954,-0.033233643,-0.004196167,-0.008308411,-0.026138306,-0.03289795,-0.044311523,-0.008544922,0.0013399124,-0.05999756,-0.033233643,-0.009407043,0.005836487,-0.023132324,0.037994385,0.010719299,0.050720215,0.007183075,0.036865234,0.03036499,-0.03665161,-0.0060691833,-0.0033397675,0.0055351257,-0.021636963,0.046142578,-0.003124237,0.0143966675,-0.014274597,0.0039520264,-0.068359375,0.0003502369,0.014434814,-0.04736328,-0.012321472,-0.035888672,-0.017578125,0.01007843,0.05657959,-0.033050537,-0.023269653,-0.0057258606,-0.072387695,-0.038757324,0.017684937,0.023666382,0.017425537,0.029022217,-0.054992676,0.00012660027,0.0102005005,0.031402588,0.007003784,-0.075927734,0.07019043,0.018447876,0.0011777878,0.0110321045,-0.023254395,0.0013055801,0.013404846,-0.01574707,-0.026290894,0.0154953,0.013549805,0.031555176,-0.049316406,0.01373291,-0.0058059692,-0.0021858215,0.00793457,0.046936035,-0.023849487,0.02810669,-0.05429077,-0.00381279,-0.00082445145,0.008781433,0.025512695,0.019821167,-0.0031204224,-0.03112793,-0.06298828,0.013877869,-0.019851685,0.013496399,0.044799805,-0.04949951,0.030471802,-0.024795532,-0.0076904297,-0.018585205,0.027908325,0.02078247,-0.0067634583,0.0050811768,-0.031143188,0.0076942444,0.0023021698,-0.005924225,0.00907135,-0.023010254,0.00818634,-0.011817932,0.036834717,-0.034210205,0.05581665,0.0569458,-0.025497437,0.009742737,0.025787354,-0.003446579,-0.04043579,-0.03414917,0.016799927,-0.015914917,0.031173706,0.0040397644,-0.016784668,0.0025558472,0.010910034,0.0011644363,0.022094727,0.0024642944,0.023590088,0.01687622,0.00057315826,0.03427124,-0.007835388,0.012825012,-0.02658081,-0.024475098,0.0914917,0.09075928,-0.01626587,0.0044288635,-0.027313232,0.008811951,0.039733887,-0.019897461,-0.009208679,0.019927979,0.03186035,-0.027648926,-0.004016876,-0.010032654,-0.037109375,-0.05508423,-0.018844604,0.006729126,0.013290405,-0.06311035,-0.04333496,0.021194458,-0.023452759,0.026535034,0.049346924,0.030776978,0.027252197,-0.035247803,0.008003235,-0.022506714,0.03503418,0.027511597,-0.015838623,0.0036373138,0.061920166,0.0061416626,-0.03439331,-0.0036563873,0.03353882,0.042053223,0.018539429,-0.01739502,-0.014053345,-0.05429077,-0.017044067,-0.08526611,0.029800415,-0.03036499,0.010726929,0.05480957,0.02104187,-0.010566711,0.027175903,0.011558533,0.013366699,-0.051239014,-0.015045166,0.0637207,0.0501709,-0.0037994385,0.009803772,0.0045547485,-0.049468994,0.010345459,0.041503906,-0.018188477,-0.017471313,-0.046203613,-0.028961182,0.013442993,0.02658081,-0.039215088,0.066223145,0.021606445,-0.044525146,-0.039520264,0.009216309,-0.0012016296,0.03564453,-0.10522461,0.03137207,-0.008850098,-0.011268616,0.047851562,-0.026443481,-0.011100769,-0.0099105835,0.025604248,0.012992859,0.019866943,-0.0287323,0.0357666,-0.0035171509,0.015419006,-0.0055999756,-0.061553955,0.013435364,-0.003396988,0.043762207,-0.031829834,0.017593384,0.026489258,0.04876709,-0.045562744,0.014732361,-0.004852295,0.008651733,0.009712219,-0.021621704,-0.026733398,-0.035308838,-0.058288574,-0.014343262,0.02192688,0.0005373955,-0.0061149597,-0.037902832,0.035308838,-0.0009279251,0.025009155,-0.020126343,0.007873535,0.027832031,-0.0018005371,-0.040496826,-0.019866943,0.0043182373,-0.01763916,-0.018722534,0.019805908,0.03237915,0.022262573,-0.035980225,0.024124146,0.009963989,0.00756073,-0.007980347,0.054718018,0.06088257,-0.02720642,-0.019744873,0.034240723,-0.05001831,0.014404297,0.001042366,0.010124207,0.03463745,0.013305664,-0.047607422,0.003698349,0.035308838,-0.02281189,-0.0007972717,-0.0030593872,0.015083313,-0.0060768127,0.02772522,-0.038238525,0.014587402,0.029144287,0.062561035,-0.030654907,0.0067825317,0.043029785,0.017913818,-0.000121474266,0.058044434,-0.010604858,0.013809204,-0.002664566,-0.004306793,-0.03289795,0.0036525726,-0.00075244904,-0.016708374,0.025619507,0.010498047,-0.0053634644,0.013381958,0.04333496,0.03930664,0.018707275,0.012481689,-0.0005326271,-0.0017356873,-0.051818848,0.021072388,0.01739502,-0.013626099,-0.0062789917,0.0018005371,-0.04385376,0.0034389496,-0.0079193115,-0.0012273788,-0.023132324,0.023773193,-0.033233643,0.005126953,0.03692627,-0.010185242,-0.018173218,-0.024658203,-0.029205322,-0.015090942,-0.04034424,-0.018615723,-0.016174316,0.01966858,0.0056877136,-0.05508423,0.0051498413,0.026367188,0.025985718,-0.02607727,0.00995636,-0.028533936,0.013923645,-0.014511108,-0.03842163,0.030807495,0.005619049,0.017166138,-0.031097412,-0.0024814606,-0.010940552,-0.025665283,-0.0060157776,-0.00012779236,-0.029922485,0.062286377,0.0006785393,-0.037017822,0.072021484,-0.010063171,-0.021057129,-0.029434204,0.00048828125,0.04095459,0.014823914,-0.000869751,-0.021957397,0.030471802,0.01876831,0.023635864,-0.010848999,0.02798462,-0.033294678,-0.007144928,0.021499634,0.0040130615,-0.0073013306,-0.0031661987,-0.0077285767,-0.01247406,0.01626587,0.056030273,-0.030319214,-0.007896423,-0.07128906,0.06549072,-0.059295654,-0.011802673,0.0052986145,0.00522995,0.015777588,-0.047058105,-0.017822266,0.026550293,0.014862061,-0.041534424,0.020935059,0.019500732,-0.007888794,0.05404663,-0.013786316,0.0513916,-0.011833191,-0.055389404,-0.0011463165,-0.0067634583,-0.017730713,-0.02772522,-0.008911133,0.06329346,-0.0022220612,0.037200928,-0.009086609,0.02166748,0.0088272095,-0.033111572,0.056732178,0.013587952,0.005882263,-0.033172607,0.017288208,-0.011367798,0.035186768,-0.019226074,-0.0065956116,-0.026809692,0.01612854,0.008255005,0.008880615,0.0072364807,-0.018798828,0.025131226,-0.0020828247,0.035064697,-0.056854248,0.018798828,-0.06137085,-0.008621216,-0.0067825317,0.0019187927,0.02935791,0.0037078857,0.021972656,-0.0008482933,0.0037250519,0.00025081635,-0.026031494,-0.018005371,0.03668213,-0.00022494793,-0.004989624,0.01473999,0.029693604,0.032165527,-0.011154175,-0.02798462,-0.02319336,0.0034294128,0.022216797,0.04107666,-0.006942749,-0.018432617,0.008003235,0.028503418,0.032287598,-0.015083313,-0.02619934,-0.020431519,-0.031463623,-0.014091492,-0.0027923584,0.028320312,0.0068473816,-0.007820129,-0.006511688,0.008140564,0.025512695,0.035888672,0.0053215027,-0.01473999,-0.048858643,-0.021575928,-0.0126571655,0.017059326,-0.0050849915,0.05480957,-0.002746582,-0.018218994,0.019317627,0.033081055,-0.006690979,-0.0049934387,0.05996704,-0.014083862,0.01864624,-0.023132324,-0.028274536,0.027496338,0.054992676,0.0309906,0.0012168884,-0.0101623535,-0.007133484,0.0015096664,-0.00957489,-0.013664246,0.020507812,0.015472412,-0.017059326,-0.033843994,0.055511475,-0.019210815,-0.006980896,-0.017211914,-0.024276733,-0.032562256,-0.020706177,-0.021591187,0.0027332306,0.004211426,-0.024383545,-0.022628784,-0.024749756,-0.0093307495,-0.0015573502,-0.031463623,0.011039734,-0.0067100525,-0.0049591064,-0.035614014,0.002784729,0.019104004,0.03475952,-0.027572632,-0.03201294,0.04159546,0.017425537,-0.007896423,0.00083875656,-0.006877899,-0.029586792,-0.0039024353,0.018005371,-0.007461548,0.009765625,0.022338867,0.016296387,0.041931152,0.06085205,0.034606934,0.045898438,0.012481689,-0.0020599365,-0.007183075,-0.035125732,-0.017608643,-0.018585205,0.030426025,0.0020809174,-0.013587952,-0.03579712,-0.025939941,-0.016204834,0.03942871,0.016708374,-0.01386261,0.038360596,-0.0105896,0.0043907166,-0.0064735413,0.021347046,0.015419006,0.012840271,-0.014823914,-0.0020980835,0.00011366606,-0.0076560974,-0.041992188,0.0317688,0.031829834,0.002046585,0.03201294,0.009147644,0.021575928,0.010650635,-0.011520386,-0.009613037,0.031204224,0.00039291382,-0.037719727,-0.033233643,-0.030960083,-0.037017822,0.032043457,-0.050598145,0.034118652,0.01247406,0.0044784546,0.00087451935,0.0501709,0.0046310425,0.016098022,0.043914795,0.003627777,0.0015888214,0.030654907,-0.06542969,-0.013061523,-0.015701294,0.009246826,-0.036346436,-0.009475708,0.041931152,-0.021362305,0.0015087128,0.02973938,-0.03213501,-0.014694214,-0.015571594,0.009819031,0.022628784,0.040740967,0.024795532,-0.0011558533,-0.017211914,0.025726318,0.010902405,0.023925781,0.021362305,0.04626465,-0.011856079,0.05508423,0.01725769,-0.028961182,0.009376526,-0.050354004,-0.0017280579,0.009666443,-0.023162842,-0.018432617,0.011558533,-0.026992798,0.025909424,-0.023147583,0.024169922,-0.02067566,0.004142761,-0.0135269165,-0.008117676,-0.009017944,-0.025375366,0.03250122,0.02230835,0.0007696152,0.04421997,-0.02204895,0.011482239,0.036499023,0.010383606,0.037200928,-0.04171753,0.022369385,-0.050720215,0.0042533875,0.012428284,-0.00381279,0.00014722347,-0.010147095,0.015701294,0.045135498,-0.00041985512,0.02671814,-0.023590088,0.005168915,-0.008407593,0.0009899139,0.013793945,-0.047454834,-0.0037212372,-0.024124146,0.02180481,0.018051147,0.017730713,-0.0038967133,-0.0340271,-0.023788452,0.008049011,0.003162384,0.013793945,0.013290405,-0.020507812,-0.03189087,0.004146576,0.041748047,-0.029144287,0.016326904,-0.022567749,-0.003993988,-0.021774292,-0.0076065063,-0.025421143,-0.0030574799,0.021148682,0.0043296814,-0.03152466,0.015602112,-0.023605347,-0.005104065,0.012413025,-0.0025558472,-0.025161743,0.00043272972,-0.029434204,-0.01965332,-0.037719727,-0.04168701,0.008583069,-0.021484375,0.04107666,-0.0031032562,-0.020492554,-0.012046814,0.038146973,0.040924072,-0.036865234,0.016067505,-0.008346558,0.039794922,-0.025100708,-0.0061302185,0.011390686,0.0034618378,0.05618286,-0.030776978,0.019729614,-0.0087509155,0.00818634,-0.006755829,0.029312134,-0.04336548,-0.0017995834,0.025177002,0.0129852295,0.043304443,0.012023926,-0.022872925,0.02784729,0.051971436,0.00078487396,-0.0075531006,-0.031707764,0.028366089,-0.00111866,0.018066406,-0.0104599,0.00068330765,0.019485474,-0.0017490387,-0.010902405,-0.013442993,-0.015792847,-0.022323608,-0.06512451,0.007587433,0.01512146,0.0042381287,0.00061416626,-0.018966675,-0.024124146,0.0026836395,0.009666443,0.0014505386,0.008552551,-0.007911682,-0.01687622,-0.0001527071,-0.011520386,0.011268616,-0.0418396,-0.03967285,0.0022945404,0.013046265,-0.003314972,-0.03137207,-0.009490967,-0.018951416,0.008430481,-0.023788452,0.01158905,0.035003662,0.0028896332,0.031951904,0.033416748,-0.012168884,0.013938904,-0.025848389,-0.022491455,-0.024642944,0.0028648376,0.02961731,0.0031986237,-0.016525269,-0.020126343,-0.001405716,0.023757935,-0.018432617,-0.013771057,-0.033233643,-0.03036499,0.014183044,0.020874023,0.0317688,0.0009965897,-0.03656006,-0.00012254715,-0.0052490234,-0.001411438,0.024902344,-0.060333252,0.032592773,-0.00021612644,-0.0048294067,0.006580353,-0.004611969,-0.011100769,-0.018936157,0.0070724487,0.0026683807,-0.034088135,0.0012540817,-0.0132751465,0.002357483,-0.0025844574,0.013694763,-3.9815903e-05,-0.017791748,0.024719238,0.04244995,0.0051841736,-0.029541016,0.015106201,-0.014770508,0.022598267,-0.03326416,0.0030937195,0.012886047,0.0096206665,0.018692017,0.0041122437,-0.0016527176,-0.036010742,0.008758545,0.009056091,0.0020580292,0.021652222,0.01737976,-0.005092621,-0.007911682,0.01512146,-0.008888245,0.02027893,0.020645142,0.02633667,-0.03289795,-0.010787964,0.053619385,0.007221222,0.005771637,-0.007675171,-0.03829956,-0.00969696,-0.007587433,-0.006839752,0.024795532,0.037139893,0.03378296,0.01285553,0.0072631836,0.053009033,-0.017929077,0.0021915436,-0.02368164,0.025680542,-0.0077552795,0.011795044,0.038238525,0.013206482,-0.02279663,0.053222656,-0.032165527,-0.00806427,-0.010650635,0.050842285,-0.0013475418,0.012199402,0.01600647,0.032196045,0.019454956,-0.024047852,0.000647068,0.010063171,0.015670776,0.0023460388,-0.037597656,0.03842163,0.008605957,0.03479004,0.018432617,-0.008888245,0.023345947,0.007221222,0.021438599,0.045715332,0.06842041,0.005126953,-0.01776123,-0.019943237,-0.026382446,-0.00806427,-0.018493652,-3.2901764e-05,-0.011116028,-0.039031982,0.033416748,-0.031219482,-0.018249512,-0.012641907,0.025527954,0.038391113,0.009414673,0.010757446,0.008872986,0.021133423,-0.0009908676,-0.010147095,0.023010254,0.025894165,0.020187378,0.0049438477,0.039733887,0.028503418,0.03781128,0.0012025833,0.012901306,-0.01876831,-0.011070251,-0.009017944,-0.043792725,-0.02645874,0.0052604675,-0.020431519,-0.0027675629,-0.019134521,-0.0063171387,-0.012451172,0.00869751,-0.019729614,0.0016841888,-0.007663727,-0.0090408325,-0.011222839,0.010307312,0.013656616,-0.0018749237,0.017181396,0.008140564,-0.019897461,0.012359619,0.01663208,0.0005707741,-0.013748169,0.015823364,0.0030021667,-0.0041885376,-0.008163452,-0.0390625,0.04876709,-0.0158844,-0.011383057,0.017913818,0.0018672943,-0.016189575,0.02180481,0.005340576,-0.021850586,-0.01727295,0.05206299,-0.014198303,0.008110046,-0.038360596,0.003545761,-0.029312134,-0.029434204,0.03479004,-0.0055160522,-0.012168884,-0.0093307495,0.002357483,-0.02758789,0.005947113,-0.015960693,0.015289307,0.013900757,0.009162903,0.028869629,0.016952515,0.01007843,-0.042907715,-0.025253296,0.045318604,-0.03253174,-0.0074157715,-0.033081055,-0.02619934,0.019683838,0.032043457,-0.030212402,0.009460449,-0.002565384,0.0021133423,0.004425049,-0.019042969,-0.02204895,0.017974854,0.023864746,0.033721924,-0.02217102,-0.010032654,-0.0063591003,0.066467285,-0.02230835,-0.0132751465,0.002960205,0.003643036,-0.001783371,-0.019058228,-0.02331543,0.012542725,-0.00504303,-0.0028915405,0.012756348,-0.025985718,0.0010671616,-0.008613586,-0.0068855286,-0.014312744,-0.017822266,-0.018249512,0.035125732,-0.016784668,-0.021148682,0.016708374,-0.017120361,-0.013641357,0.087890625,0.027770996,-0.006412506,0.030059814,0.035247803,0.036468506,0.032073975,0.015838623,0.023529053,-0.015312195,-0.023788452,-0.0011329651,-0.008621216,-0.008598328,0.01890564,0.03768921,-0.0022220612,0.013092041,0.022033691,0.03366089,-0.0026512146,-0.03225708,0.0025348663,0.0041885376,-0.011604309,-0.0046539307,-0.0029411316,-0.010925293,0.024307251,-0.032226562,-0.0065841675,0.0030536652,0.049865723,0.012672424,-0.015457153,0.024642944,-0.00774765,-0.02758789,0.0054512024,0.029022217,-0.019927979,0.012336731,0.01727295,0.0071105957,0.0014543533,0.0010910034,-0.0025196075,-0.004096985,-0.008865356,0.01272583,-0.03817749,-0.004650116,0.0068092346,-0.015258789,0.041168213,-0.0020179749,0.033081055,0.0054740906,-0.01763916,0.007133484,0.008354187,-0.0030651093,-0.0069389343,-0.027618408,-0.023986816,-0.020645142,-0.0071372986,-0.005092621,-0.010604858,-0.027389526,0.00957489,0.010940552,-0.019332886,0.017303467,-0.007587433,0.018829346,-0.007873535,-0.007671356,0.0062217712,0.012863159,0.021362305,-0.016357422,0.0044784546,0.03213501,-0.026992798,-0.02909851,0.010177612,0.00044989586,-0.027542114,0.0056610107,-0.015235901,0.0068130493,0.06866455,0.010864258,-0.010154724,-0.010658264,0.0079193115,0.029769897,-0.0049858093,0.010826111,0.029144287,-0.023529053,-0.0008330345,0.040618896,0.02494812,0.011726379,0.014091492,-0.0077209473,0.003982544,-0.025100708,-0.019210815,-0.01675415,0.030059814,-0.025024414,-0.023605347,0.015235901,-0.034973145,-0.023773193,0.021881104,-0.0004506111,0.014198303,0.011360168,-0.018692017,-0.0062675476,-0.032196045,-0.017486572,0.011161804,0.017929077,0.004337311,0.027069092,0.04425049,-0.0035133362,-0.0013132095,0.025238037,-0.0025157928,-0.010551453,0.0035076141,-0.018722534,0.0068206787,0.007423401,-0.033203125,-0.005012512,0.0060195923,0.014221191,-0.030807495,-0.0053977966,-0.0236969,0.00025892258,0.016937256,-0.018127441,-0.009742737,0.0028038025,-0.012039185,0.0121154785,0.033966064,-0.003250122,0.019470215,-0.04888916,0.005558014,0.019561768,0.033569336,-0.0017309189,-0.0061073303,-0.032714844,0.0068740845,0.022857666,0.02178955,0.028320312,-0.0019140244,0.0090408325,-0.024246216,-0.014694214,-0.0031776428,-0.0002553463,0.016067505,0.008674622,-0.020935059,0.035095215,0.0023479462,0.025146484,-0.018066406,-0.016433716,-0.042114258,0.035095215,0.025512695,0.027832031,-0.0032215118,-0.016708374,-0.009468079,-0.0018949509,0.04373169,-0.010795593,0.0018692017,0.012367249,0.04812622,-0.019241333,-0.027954102,0.030654907,-0.012756348,0.061828613,0.009208679,0.012756348,-0.03161621,-0.038330078,-0.022613525,0.011505127,-0.023422241,0.0074310303,-0.0082092285,-0.016204834,-0.00541687,0.009300232,-0.0047416687,0.032104492,0.012283325,-0.003900528,-0.03805542,-0.0010194778,-0.003917694,-0.0027999878,-0.0040893555,0.035705566,0.011398315,0.009689331,0.0236969,-0.028808594,0.030288696,0.015182495,0.013549805,-0.024124146,-0.0022792816,-0.014137268,-0.020141602,-0.00756073,-0.0072631836,0.0064582825,-0.007545471,0.01838684,-0.034606934,0.008049011,0.011627197,-0.008529663,-0.014381409,-0.019104004,-0.017211914,-0.01890564,0.03262329,-0.010139465,-0.02142334,0.0024929047,-0.0010738373,-0.0047340393,0.023925781,-0.012001038,0.0018835068,-0.0024147034,-0.02444458,-0.006088257,0.010826111,-0.006969452,-0.026321411,-0.002450943,0.015457153,0.029144287,0.0057525635,0.005645752,0.0004506111,-0.02809143,0.0028953552,-0.013587952,0.007080078,-0.017791748,-0.003112793,-0.0073661804,0.01828003,0.029251099,0.007534027,-0.041381836,0.0113220215,-0.017669678,0.024139404,0.037719727,-0.011444092,-0.046661377,0.025772095,-0.012893677,0.028244019,0.004535675,-0.02078247,0.020904541,-0.006755829,0.0027427673,-0.013290405,-0.041046143,0.014160156,-0.049835205,5.9604645e-06,-0.02041626,0.008758545,0.006134033,0.02619934,-0.004096985,0.02330017,0.005142212,0.00074863434,0.016357422,-0.02357483,0.002981186,0.0013246536,-0.011833191,-0.050476074,0.024642944,-0.02357483,0.04550171,-0.032470703,-0.010940552,0.0017910004,0.020248413,0.0014181137,0.019195557,0.032287598,0.011024475,0.01939392,-0.028182983,0.008514404,-0.03933716,-0.0390625,0.0020446777,-0.0008354187,0.013832092,-0.017105103,0.034362793,0.0079193115,-0.04360962,0.0011787415,-0.009284973,0.01737976,-0.0007739067,0.010124207,-0.030654907,0.016937256,-0.009361267,-0.01687622,0.016311646,0.033050537,0.014732361,0.006767273,0.0031528473,0.0446167,0.008407593,-0.01423645,0.018432617,0.0048217773,-0.023269653,0.054626465,-0.026046753,0.03137207,0.029571533,0.057739258,-0.0021705627,0.015182495,-0.003446579,-0.012466431,-0.005680084,-0.0012226105,0.027145386,-0.047607422,-0.00022566319,0.009994507,-0.018218994,0.0063552856,0.024993896,-0.0063705444,0.022125244,0.01940918,-0.009506226,-0.013641357,-0.010154724,0.032470703,-0.004337311,0.011024475,-0.0112838745,-0.0053901672,-0.013961792,0.018310547,0.022323608,-0.007709503,-0.0084991455,0.017562866]"
7fe454244d2739708b3484ddecf4937fe44afb38#5,7fe454244d2739708b3484ddecf4937fe44afb38,5,def9c9750b86444be2f2d2b02598178d6e6fea0e33865003c94b556169ce5acc,"## Resident tax rates 2022–23

| Taxable income | Tax on this income |
| --- | --- |
| $0 – $18,200 | Nil |
| $18,201 – $45,000 | 19c for each $1 over $18,200 |
| $45,001 – $120,000 | $5,092 plus 32.5c for each $1 over $45,000 |
| $120,001 – $180,000 | $29,467 plus 37c for each $1 over $120,000 |
| $180,001 and over | $51,667 plus 45c for each $1 over $180,000 |","{""Tax rates – Australian resident"",""Resident tax rates 2022–23""}",Tax rates – Australian resident,https://www.ato.gov.au/tax-rates-and-codes/tax-rates-australian-residents,tax-rates-and-codes,,,"{2020-21,2021-22,2022-23,2023-24,2024-25,2025-26,2026-27}",1,active,,2026-09-29 03:59:56.345892+00,"## Resident tax rates 2022–23

| Taxable income | Tax on this income |
| --- | --- |
| $0 – $18,200 | Nil |
| $18,201 – $45,000 | 19c for each $1 over $18,200 |
| $45,001 – $120,000 | $5,092 plus 32.5c for each $1 over $45,000 |
| $120,001 – $180,000 | $29,467 plus 37c for each $1 over $120,000 |
| $180,001 and over | $51,667 plus 45c for each $1 over $180,000 |","[-0.017028809,0.0067596436,0.07556152,0.016540527,-0.00050354004,0.04714966,-0.021606445,-0.0079422,0.0019016266,-0.023925781,0.005138397,0.022888184,0.025405884,0.026733398,0.04510498,-0.0048561096,0.025787354,0.0034732819,-0.06781006,0.06274414,0.034301758,-0.018737793,-0.01486969,-0.033081055,0.010864258,0.0057144165,-0.040039062,-0.043945312,-0.009170532,0.026031494,0.025787354,-0.0023860931,0.018295288,-0.026931763,-0.021255493,-0.029678345,-0.019592285,-0.010002136,0.044921875,-0.011436462,-0.054901123,0.0047798157,0.0107040405,0.0046195984,-0.03375244,0.009490967,-0.00014197826,-0.043273926,-0.030014038,-0.0059165955,0.010887146,0.01637268,-0.0019569397,0.043273926,-0.07623291,-0.0049324036,-0.016281128,0.020599365,-0.010070801,-0.053771973,0.0914917,0.014045715,0.015113831,-0.009086609,-0.015098572,0.055664062,-0.017044067,0.04510498,0.022354126,-0.028808594,0.022033691,0.029907227,0.08074951,-0.017028809,0.040649414,-0.0066490173,-0.029373169,-0.054138184,-0.006954193,-0.007911682,0.006958008,-0.0077552795,-0.003873825,0.012397766,0.06500244,0.028198242,-0.024978638,-0.039398193,-0.011650085,-0.007881165,-0.022583008,-0.031982422,-0.047698975,-0.008110046,0.0021648407,-0.057678223,-0.032958984,-0.012428284,0.0029945374,-0.02557373,0.040740967,0.009979248,0.045318604,0.011886597,0.041748047,0.025497437,-0.039794922,-0.0044021606,-0.0038452148,0.0062065125,-0.022628784,0.046295166,-0.0016479492,0.020004272,-0.009727478,0.004901886,-0.0602417,0.004722595,0.0140686035,-0.04525757,-0.012077332,-0.041381836,-0.014945984,0.010765076,0.054748535,-0.029449463,-0.027572632,0.00012505054,-0.077941895,-0.037322998,0.009803772,0.027160645,0.014831543,0.03274536,-0.061584473,0.007701874,0.012031555,0.03265381,0.010101318,-0.07513428,0.07281494,0.0076522827,0.0033893585,0.015457153,-0.028137207,-0.00063323975,0.008834839,-0.013580322,-0.027862549,0.0105896,0.014419556,0.030838013,-0.04763794,0.010375977,-0.01171875,-0.0053367615,0.0044441223,0.0463562,-0.023376465,0.027404785,-0.054138184,-0.0016498566,0.0026302338,0.014556885,0.02809143,0.019439697,-0.007701874,-0.032073975,-0.058746338,0.010620117,-0.024719238,0.014312744,0.043640137,-0.054229736,0.029891968,-0.026275635,-0.007896423,-0.026626587,0.019836426,0.022155762,-0.012138367,0.002336502,-0.033081055,0.0087509155,0.006587982,-0.002149582,0.012748718,-0.01524353,0.0070152283,-0.004863739,0.03656006,-0.030731201,0.05722046,0.056427002,-0.024124146,0.010009766,0.023239136,0.0015888214,-0.04547119,-0.036987305,0.018737793,-0.019561768,0.034729004,0.0002373457,-0.014984131,0.00087213516,0.012535095,0.008415222,0.02583313,0.008682251,0.024353027,0.020355225,-0.003004074,0.03375244,-0.008804321,0.01020813,-0.0289917,-0.01953125,0.09100342,0.08404541,-0.01473999,0.005405426,-0.021484375,0.010139465,0.03488159,-0.019226074,-0.009407043,0.0146484375,0.03729248,-0.03137207,-0.004047394,-0.005756378,-0.028320312,-0.057922363,-0.022827148,0.011116028,0.019058228,-0.056793213,-0.041412354,0.02003479,-0.023361206,0.025405884,0.051696777,0.0309906,0.031341553,-0.033447266,0.009140015,-0.02519226,0.038085938,0.021270752,-0.012397766,-0.0001770258,0.058898926,0.002565384,-0.03567505,-0.012260437,0.03567505,0.045410156,0.017059326,-0.01838684,-0.005874634,-0.05279541,-0.016067505,-0.08868408,0.023849487,-0.030044556,0.0069274902,0.054473877,0.020858765,-0.009300232,0.024047852,0.01499939,0.014968872,-0.049621582,-0.016525269,0.06518555,0.051727295,0.003566742,0.009803772,-3.862381e-05,-0.04525757,0.013710022,0.041107178,-0.01927185,-0.01852417,-0.043029785,-0.030166626,0.01309967,0.024169922,-0.045196533,0.068359375,0.02532959,-0.04849243,-0.037322998,0.0036849976,-0.0040359497,0.04135132,-0.09777832,0.028274536,-0.006778717,-0.01499939,0.048980713,-0.02470398,-0.013877869,-0.014343262,0.020629883,0.016143799,0.03125,-0.029632568,0.036346436,-0.0010385513,0.012939453,-0.008323669,-0.06188965,0.019165039,-8.940697e-07,0.038208008,-0.027191162,0.02255249,0.028274536,0.052368164,-0.0395813,0.00819397,-0.006164551,0.015281677,0.011940002,-0.023025513,-0.024490356,-0.022506714,-0.059814453,-0.0146484375,0.02507019,-0.0031471252,0.0028915405,-0.031173706,0.028839111,-0.00052022934,0.026016235,-0.014671326,0.004989624,0.026397705,-0.002046585,-0.035980225,-0.02293396,0.0042800903,-0.016418457,-0.014877319,0.023910522,0.02319336,0.02722168,-0.03387451,0.020645142,0.007095337,0.007709503,-0.012069702,0.05670166,0.06304932,-0.028213501,-0.01689148,0.036987305,-0.04949951,0.0178833,0.004764557,0.01727295,0.036254883,0.016601562,-0.048828125,0.0069007874,0.035491943,-0.026275635,-0.0015192032,-0.0049057007,0.015357971,-0.0017271042,0.029586792,-0.036010742,0.009712219,0.028137207,0.058441162,-0.030914307,0.010871887,0.048187256,0.01940918,0.0019350052,0.052886963,-0.0037937164,0.010749817,-0.003004074,-0.0010166168,-0.032440186,0.011512756,-0.0018396378,-0.020553589,0.026397705,0.009109497,0.00032758713,0.014022827,0.05026245,0.04058838,0.016601562,0.012817383,-0.011512756,0.0030441284,-0.04574585,0.023345947,0.019577026,-0.017944336,-0.0070877075,0.00023245811,-0.04135132,0.00484848,-0.0039787292,-0.0014019012,-0.01612854,0.018173218,-0.035858154,0.006122589,0.045013428,-0.010635376,-0.022720337,-0.025939941,-0.030075073,-0.013824463,-0.043182373,-0.016403198,-0.018692017,0.024108887,0.006046295,-0.05117798,0.0078125,0.020690918,0.019760132,-0.023849487,0.009170532,-0.027008057,0.008705139,-0.013160706,-0.036132812,0.032348633,0.004425049,0.02178955,-0.026351929,0.00081443787,-0.017929077,-0.027633667,0.0037498474,0.0025863647,-0.032958984,0.059570312,0.00086832047,-0.039276123,0.07635498,-0.011947632,-0.021499634,-0.029296875,-0.0030937195,0.037109375,0.00881958,0.002254486,-0.014915466,0.02507019,0.016082764,0.01940918,-0.010856628,0.029556274,-0.035461426,-0.0059318542,0.020263672,0.0011062622,-0.00031924248,-0.004562378,-0.00642395,-0.012008667,0.018737793,0.053009033,-0.030761719,-0.004058838,-0.070129395,0.059631348,-0.061431885,-0.014663696,0.004173279,0.006088257,0.016326904,-0.045684814,-0.015640259,0.032043457,0.01890564,-0.040008545,0.018630981,0.014984131,-0.010192871,0.057769775,-0.013427734,0.047576904,-0.01058197,-0.059173584,1.8239021e-05,-0.009468079,-0.017440796,-0.0284729,-0.006439209,0.06640625,-0.0010023117,0.044891357,-0.0099105835,0.02267456,0.010047913,-0.033569336,0.056121826,0.016708374,0.011772156,-0.032287598,0.014915466,-0.013442993,0.037475586,-0.01977539,-0.005241394,-0.02267456,0.01737976,0.008560181,0.007873535,0.0027332306,-0.01876831,0.029830933,-0.00021827221,0.03765869,-0.0597229,0.014930725,-0.06555176,-0.011413574,-0.004096985,0.0036563873,0.03338623,0.0019626617,0.026321411,-0.0022525787,0.003900528,-0.0061187744,-0.023742676,-0.018234253,0.031051636,-0.00049734116,-0.0073432922,0.017242432,0.033294678,0.031555176,-0.008728027,-0.027648926,-0.021087646,0.0012626648,0.024810791,0.0435791,-0.006843567,-0.018737793,0.011924744,0.025375366,0.03338623,-0.015159607,-0.030380249,-0.020614624,-0.029968262,-0.009796143,-0.0011959076,0.028579712,0.007663727,-0.0077667236,-0.011207581,0.010055542,0.02722168,0.032348633,0.0024929047,-0.016540527,-0.050109863,-0.017974854,-0.01121521,0.011154175,-0.007499695,0.053466797,-0.0047340393,-0.017715454,0.019744873,0.030914307,-0.0076408386,-0.0034503937,0.06439209,-0.015304565,0.015083313,-0.02432251,-0.027572632,0.026031494,0.053344727,0.03277588,0.004032135,-0.010231018,-0.007709503,0.010231018,-0.014160156,-0.010971069,0.021148682,0.015525818,-0.012298584,-0.03930664,0.05834961,-0.017242432,-0.012710571,-0.011520386,-0.024383545,-0.033935547,-0.01979065,-0.020965576,0.008903503,0.011550903,-0.027755737,-0.024047852,-0.028945923,-0.00982666,0.0006580353,-0.03515625,0.007297516,-0.007286072,-0.011924744,-0.04168701,0.002067566,0.01991272,0.03866577,-0.024368286,-0.031051636,0.04135132,0.015602112,-0.008590698,-0.0023822784,-0.0016775131,-0.03225708,-0.0053367615,0.016799927,-0.014587402,0.007896423,0.018585205,0.011833191,0.03717041,0.053009033,0.035003662,0.0446167,0.010276794,-0.0046463013,-0.0051498413,-0.035125732,-0.021743774,-0.01890564,0.025863647,0.0011806488,-0.013664246,-0.039245605,-0.025802612,-0.020401001,0.043151855,0.013175964,-0.017929077,0.042999268,-0.006385803,0.0034542084,-0.007911682,0.026168823,0.015457153,0.012565613,-0.011444092,-0.0069389343,-0.00020503998,-0.008605957,-0.041015625,0.028762817,0.031829834,0.003370285,0.025939941,0.007255554,0.017684937,0.007575989,-0.012535095,-0.010185242,0.03479004,-0.0012950897,-0.03741455,-0.037750244,-0.03225708,-0.037231445,0.028778076,-0.05340576,0.034454346,0.012077332,0.005104065,0.0017185211,0.056030273,0.0049095154,0.018951416,0.045074463,0.0032730103,-0.0004541874,0.031402588,-0.06970215,-0.014122009,-0.019104004,0.010437012,-0.032592773,-0.012359619,0.04751587,-0.020523071,0.0032863617,0.028961182,-0.033111572,-0.01512146,-0.014427185,0.012161255,0.022323608,0.042633057,0.02456665,0.0033340454,-0.017852783,0.024963379,0.009986877,0.020935059,0.021484375,0.045013428,-0.008644104,0.051849365,0.017684937,-0.03012085,0.016235352,-0.048187256,-0.005695343,0.007041931,-0.025344849,-0.026885986,0.011993408,-0.021743774,0.027420044,-0.020843506,0.02760315,-0.01991272,0.0018424988,-0.016036987,-0.006526947,-0.0069122314,-0.02368164,0.033416748,0.02368164,-0.00045847893,0.04525757,-0.02368164,0.011650085,0.037017822,0.01007843,0.035003662,-0.042419434,0.021438599,-0.050750732,0.006580353,0.010154724,-0.006816864,0.0040779114,-0.012451172,0.01725769,0.04800415,-0.002691269,0.026473999,-0.027267456,0.006450653,-0.011924744,0.0011720657,0.01512146,-0.047027588,-0.001045227,-0.026550293,0.022872925,0.016723633,0.020401001,-0.00447464,-0.036346436,-0.018539429,0.007972717,0.0066947937,0.012939453,0.018157959,-0.018798828,-0.031982422,0.0016202927,0.039154053,-0.029937744,0.019241333,-0.022857666,-0.007095337,-0.022140503,-0.0072364807,-0.029174805,-0.006340027,0.019226074,0.004257202,-0.029968262,0.013557434,-0.026062012,0.0031013489,0.015533447,-0.011047363,-0.024795532,0.0011434555,-0.032806396,-0.022842407,-0.040496826,-0.038635254,0.0035247803,-0.02444458,0.039978027,-0.0022792816,-0.020935059,-0.0072364807,0.03768921,0.039489746,-0.034820557,0.017227173,-0.008079529,0.03955078,-0.025009155,-0.00048184395,0.013076782,-0.0022583008,0.054534912,-0.033081055,0.017211914,-0.008178711,0.007156372,0.00088596344,0.02722168,-0.042999268,-0.0027542114,0.0289917,0.013221741,0.042266846,0.01676941,-0.023757935,0.024032593,0.052947998,0.007537842,-0.008644104,-0.03753662,0.024032593,-0.0011043549,0.017959595,-0.009017944,0.00491333,0.020904541,0.0018568039,-0.011962891,-0.016723633,-0.0126953125,-0.02407837,-0.062408447,0.0073776245,0.01272583,0.008094788,-0.0032291412,-0.015853882,-0.02293396,0.009086609,0.006752014,0.0024547577,0.004508972,-0.009246826,-0.014083862,-0.0017490387,-0.014389038,0.0058403015,-0.038482666,-0.036621094,0.004547119,0.006790161,0.00060606,-0.031204224,-0.008979797,-0.018829346,0.0062179565,-0.01914978,0.008705139,0.03479004,-0.0013628006,0.032440186,0.030578613,-0.010261536,0.015731812,-0.025527954,-0.022140503,-0.020477295,0.0021381378,0.028839111,0.0031280518,-0.015525818,-0.018005371,-0.0038318634,0.029434204,-0.014343262,-0.012283325,-0.035339355,-0.027114868,0.013145447,0.020874023,0.037322998,-0.00022768974,-0.03866577,0.0029735565,-0.005207062,-0.0049858093,0.02861023,-0.05505371,0.029174805,-0.001203537,-0.007896423,0.004169464,-0.0026493073,-0.00844574,-0.015098572,0.004096985,0.0019512177,-0.034332275,0.0013084412,-0.009155273,0.00504303,-0.0075302124,0.014022827,-0.0024433136,-0.01727295,0.026351929,0.04196167,0.008277893,-0.024749756,0.015419006,-0.0154418945,0.021850586,-0.0340271,0.0050621033,0.0070724487,0.008895874,0.01777649,-0.00029444695,-0.0030269623,-0.03781128,0.012962341,0.00894928,-0.00016820431,0.019836426,0.01638794,-0.0038604736,-0.0060272217,0.015380859,-0.010223389,0.019302368,0.019012451,0.024414062,-0.030532837,-0.013298035,0.051727295,0.0050811768,0.010383606,-0.0050468445,-0.041748047,-0.00970459,-0.005393982,-0.006713867,0.019210815,0.027450562,0.042419434,0.008392334,0.010032654,0.04751587,-0.01838684,0.0009012222,-0.02456665,0.024261475,-0.009994507,0.011207581,0.04006958,0.018127441,-0.019226074,0.05432129,-0.035705566,-0.0052337646,-0.013160706,0.049560547,-0.0029296875,0.009239197,0.015716553,0.03161621,0.014595032,-0.017028809,0.0061416626,0.0076141357,0.01675415,-0.0010156631,-0.0395813,0.036346436,0.004322052,0.03439331,0.016082764,-0.008430481,0.022644043,0.002779007,0.019973755,0.044311523,0.06695557,0.008071899,-0.015213013,-0.022491455,-0.029785156,-0.010818481,-0.020004272,0.00034236908,-0.008308411,-0.034179688,0.032165527,-0.03265381,-0.016555786,-0.013748169,0.026443481,0.036956787,0.0066070557,0.010848999,0.0103302,0.01687622,-0.0019798279,-0.012680054,0.023422241,0.02722168,0.016952515,0.0031414032,0.04168701,0.026397705,0.03326416,0.0012588501,0.009033203,-0.021240234,-0.009750366,-0.0033245087,-0.04333496,-0.025054932,0.0040512085,-0.021026611,0.003435135,-0.020523071,-0.006881714,-0.010398865,0.0093307495,-0.022277832,0.0009059906,-0.009422302,-0.006198883,-0.011184692,0.0070610046,0.0138549805,-0.0027179718,0.015403748,0.008460999,-0.015098572,0.011756897,0.01763916,-0.0014533997,-0.015655518,0.015510559,0.002960205,-0.005973816,-0.0098724365,-0.039794922,0.043151855,-0.014854431,-0.013290405,0.017608643,0.0032253265,-0.014724731,0.020553589,0.006340027,-0.0234375,-0.016113281,0.04574585,-0.01940918,0.007499695,-0.03353882,0.002576828,-0.030883789,-0.03164673,0.0340271,-0.004322052,-0.008644104,-0.008201599,0.005104065,-0.028198242,0.0049819946,-0.01423645,0.01713562,0.016204834,0.008666992,0.029403687,0.016967773,0.0076522827,-0.040618896,-0.026443481,0.050354004,-0.036224365,-0.008430481,-0.032928467,-0.030578613,0.015792847,0.030166626,-0.027862549,0.007633209,-0.0013408661,0.0007596016,0.0037555695,-0.018875122,-0.022216797,0.016204834,0.024032593,0.031066895,-0.021896362,-0.009513855,-0.005088806,0.06604004,-0.021652222,-0.014022827,0.0016641617,0.0045700073,0.0017232895,-0.011444092,-0.02355957,0.015625,-0.005138397,-0.0009236336,0.013336182,-0.024353027,-0.0017910004,-0.007331848,-0.008270264,-0.014717102,-0.016281128,-0.021499634,0.03363037,-0.020492554,-0.018493652,0.018234253,-0.0181427,-0.016845703,0.08691406,0.023132324,0.0007805824,0.033447266,0.030197144,0.041656494,0.0287323,0.015281677,0.025650024,-0.013221741,-0.02482605,-0.0004143715,-0.013053894,-0.010040283,0.015045166,0.034088135,-0.0014896393,0.011192322,0.021942139,0.037261963,-0.004005432,-0.034210205,-0.0032520294,0.0028324127,-0.0079574585,-0.004989624,-0.003025055,-0.012672424,0.028244019,-0.032196045,-0.0066375732,0.002445221,0.047058105,0.013595581,-0.01927185,0.022827148,-0.007472992,-0.029663086,0.0034732819,0.028778076,-0.016555786,0.012138367,0.019454956,0.0061836243,0.0008625984,0.003566742,-0.0010595322,-0.008720398,-0.0037593842,0.0118255615,-0.040222168,-0.002439499,0.010894775,-0.016799927,0.042297363,-0.001748085,0.032348633,0.0052757263,-0.015563965,0.009147644,0.011108398,-0.00472641,-0.004676819,-0.02911377,-0.01612854,-0.022155762,-0.012123108,-0.00970459,-0.010307312,-0.0309906,0.007911682,0.008979797,-0.020111084,0.011650085,-0.014755249,0.020965576,-0.008338928,-0.009635925,0.00630188,0.013969421,0.016021729,-0.017028809,0.0072364807,0.027816772,-0.028274536,-0.029296875,0.011154175,-0.0027980804,-0.031829834,0.0055274963,-0.01776123,0.002714157,0.07055664,0.00541687,-0.012008667,-0.010688782,0.0084991455,0.028808594,-0.0016145706,0.012649536,0.026016235,-0.022140503,0.0012302399,0.042999268,0.026763916,0.009712219,0.01687622,-0.0071372986,0.0009379387,-0.022354126,-0.019454956,-0.014625549,0.034576416,-0.027374268,-0.021621704,0.016235352,-0.03665161,-0.018203735,0.020385742,0.0045280457,0.009819031,0.010948181,-0.01802063,-0.0040893555,-0.03112793,-0.018035889,0.011993408,0.0206604,0.0033950806,0.029144287,0.044799805,0.0022411346,0.0020961761,0.024490356,-0.0027980804,-0.009902954,0.0037174225,-0.019424438,0.0054359436,0.010406494,-0.03353882,2.6583672e-05,0.0019893646,0.017608643,-0.032409668,-0.010795593,-0.024642944,-0.0054740906,0.020202637,-0.01612854,-0.008026123,0.002111435,-0.012634277,0.016479492,0.03137207,-0.0046958923,0.021453857,-0.04699707,0.0075416565,0.02104187,0.032958984,3.325939e-05,-0.0017280579,-0.033477783,0.008117676,0.020751953,0.021316528,0.025497437,-0.006385803,0.008117676,-0.024917603,-0.011314392,-6.1392784e-06,0.0043754578,0.015686035,0.016479492,-0.02243042,0.03765869,0.005744934,0.02772522,-0.016952515,-0.013595581,-0.0501709,0.036834717,0.018447876,0.03277588,-0.005672455,-0.020080566,-0.0071258545,-0.0052375793,0.038269043,-0.007598877,-3.6358833e-05,0.0070724487,0.048706055,-0.022460938,-0.025787354,0.03213501,-0.014915466,0.058502197,0.01499939,0.0129852295,-0.032592773,-0.039520264,-0.018661499,0.010749817,-0.023742676,0.007156372,-0.0105896,-0.01838684,-0.0085372925,0.00491333,-0.0048446655,0.031982422,0.010932922,-0.0024738312,-0.03668213,-0.0018234253,-0.0038700104,0.00015449524,-0.0018167496,0.02960205,0.015281677,0.0047416687,0.027679443,-0.02456665,0.026443481,0.014022827,0.01398468,-0.021987915,-0.002576828,-0.014625549,-0.020111084,-0.008804321,-0.012496948,0.0009236336,-0.0057868958,0.020095825,-0.03439331,0.014045715,0.010559082,-0.011756897,-0.015434265,-0.01852417,-0.017730713,-0.015975952,0.029022217,-0.0057678223,-0.020568848,-0.0023078918,0.00035238266,-0.0032444,0.021652222,-0.008659363,-0.0005698204,-0.0082473755,-0.026290894,-0.005130768,0.018508911,-0.0049095154,-0.028244019,-0.0014028549,0.016235352,0.029022217,0.007709503,0.0018167496,0.0050697327,-0.029968262,0.008865356,-0.014480591,0.008483887,-0.018569946,-5.8948994e-05,-0.008323669,0.01739502,0.03250122,0.006298065,-0.042633057,0.011146545,-0.01789856,0.020843506,0.03994751,-0.014228821,-0.047698975,0.028762817,-0.010604858,0.030456543,0.0004887581,-0.01966858,0.021255493,-0.006591797,0.00025224686,-0.015975952,-0.042388916,0.015945435,-0.04837036,0.0029506683,-0.022583008,0.010116577,0.010055542,0.023788452,-0.0031795502,0.020706177,0.005428314,0.005039215,0.018417358,-0.022857666,0.0052223206,-0.0003478527,-0.010765076,-0.05355835,0.026000977,-0.02418518,0.043914795,-0.032043457,-0.009208679,0.004322052,0.02067566,0.0014638901,0.019607544,0.029556274,0.011756897,0.020446777,-0.025924683,0.006702423,-0.038330078,-0.0395813,0.004776001,-0.003332138,0.020721436,-0.012802124,0.032989502,0.0069389343,-0.040893555,0.0020828247,-0.00774765,0.016418457,-0.004386902,0.009559631,-0.02885437,0.017333984,-0.004917145,-0.016174316,0.01965332,0.031311035,0.008399963,0.010749817,0.005344391,0.04071045,0.0033340454,-0.01638794,0.015991211,0.00090169907,-0.024734497,0.052642822,-0.024459839,0.027816772,0.026428223,0.0592041,-0.001250267,0.0069389343,-0.0057525635,-0.01222229,-0.0093307495,0.0037994385,0.031173706,-0.05166626,-0.0030899048,0.012557983,-0.022079468,0.005004883,0.024353027,-0.006752014,0.023986816,0.021026611,-0.0070343018,-0.018753052,-0.011398315,0.02909851,-0.0035572052,0.010253906,-0.009292603,-0.00756073,-0.01235199,0.016921997,0.025482178,-0.011772156,-0.010910034,0.02279663]"
7fe454244d2739708b3484ddecf4937fe44afb38#6,7fe454244d2739708b3484ddecf4937fe44afb38,6,08bc75cecb1bf0c3be75ea6acbd6a9d887dd9731215f236666a2cc90e87ef4f3,"## Resident tax rates 2021–22

| Taxable income | Tax on this income |
| --- | --- |
| $0 – $18,200 | Nil |
| $18,201 – $45,000 | 19c for each $1 over $18,200 |
| $45,001 – $120,000 | $5,092 plus 32.5c for each $1 over $45,000 |
| $120,001 – $180,000 | $29,467 plus 37c for each $1 over $120,000 |
| $180,001 and over | $51,667 plus 45c for each $1 over $180,000 |","{""Tax rates – Australian resident"",""Resident tax rates 2021–22""}",Tax rates – Australian resident,https://www.ato.gov.au/tax-rates-and-codes/tax-rates-australian-residents,tax-rates-and-codes,,,"{2020-21,2021-22,2022-23,2023-24,2024-25,2025-26,2026-27}",1,active,,2026-09-29 03:59:56.345913+00,"## Resident tax rates 2021–22

| Taxable income | Tax on this income |
| --- | --- |
| $0 – $18,200 | Nil |
| $18,201 – $45,000 | 19c for each $1 over $18,200 |
| $45,001 – $120,000 | $5,092 plus 32.5c for each $1 over $45,000 |
| $120,001 – $180,000 | $29,467 plus 37c for each $1 over $120,000 |
| $180,001 and over | $51,667 plus 45c for each $1 over $180,000 |","[-0.018814087,0.0093688965,0.07965088,0.020370483,0.004219055,0.04852295,-0.019897461,-0.004070282,0.004802704,-0.023010254,0.0066566467,0.02015686,0.02671814,0.024856567,0.04864502,-0.008224487,0.023025513,0.0076446533,-0.06518555,0.062683105,0.033325195,-0.01991272,-0.017501831,-0.032318115,0.011932373,0.0059814453,-0.04373169,-0.044921875,-0.00868988,0.023513794,0.021591187,-0.0010824203,0.019088745,-0.022369385,-0.021835327,-0.027618408,-0.017242432,-0.015007019,0.053710938,-0.0088272095,-0.054016113,0.004016876,0.013298035,0.005104065,-0.042541504,0.007888794,0.0059814453,-0.049682617,-0.031204224,-0.008201599,0.005756378,0.011383057,-0.0038318634,0.039978027,-0.07318115,-0.0024147034,-0.009674072,0.024429321,-0.010612488,-0.0496521,0.090026855,0.010604858,0.013389587,-0.0079956055,-0.016464233,0.05130005,-0.019577026,0.04498291,0.021224976,-0.02281189,0.024810791,0.031799316,0.08001709,-0.01574707,0.04144287,-0.0050964355,-0.031143188,-0.055389404,-0.007698059,-0.006816864,0.011207581,-0.009742737,-0.0015335083,0.015777588,0.060028076,0.030395508,-0.02720642,-0.039642334,-0.0090789795,-0.007762909,-0.021469116,-0.02810669,-0.052612305,-0.012863159,-0.0022850037,-0.055725098,-0.03161621,-0.00073337555,0.0040359497,-0.025802612,0.04812622,0.007419586,0.039520264,0.008926392,0.04425049,0.024673462,-0.040161133,-0.0076141357,-0.0032253265,0.010055542,-0.022598267,0.042816162,-0.0018987656,0.013542175,-0.009788513,0.001616478,-0.066711426,0.0057525635,0.006958008,-0.045776367,-0.0104599,-0.038848877,-0.015792847,0.007045746,0.05657959,-0.033416748,-0.029327393,0.0013971329,-0.08178711,-0.036743164,0.015342712,0.026779175,0.016403198,0.037719727,-0.061523438,0.0055274963,0.007965088,0.033325195,0.009063721,-0.07080078,0.072143555,0.0018520355,0.0075416565,0.015403748,-0.028778076,-0.0012302399,0.009727478,-0.015960693,-0.027313232,0.012748718,0.015380859,0.03250122,-0.049468994,0.007091522,-0.011329651,-0.00623703,0.007144928,0.047698975,-0.024414062,0.030715942,-0.049743652,0.0005493164,-0.00434494,0.017471313,0.022613525,0.020721436,-0.0047683716,-0.032104492,-0.05633545,0.0077552795,-0.02458191,0.011047363,0.041992188,-0.049682617,0.030914307,-0.025665283,-0.004638672,-0.026382446,0.020095825,0.023101807,-0.010925293,0.0023765564,-0.033203125,0.012458801,0.005756378,-0.0011796951,0.016326904,-0.013061523,0.0043945312,-0.0069770813,0.033172607,-0.03265381,0.06011963,0.056793213,-0.025650024,0.0035533905,0.0262146,-0.0019683838,-0.047851562,-0.04147339,0.01852417,-0.017944336,0.034301758,0.0018119812,-0.018692017,0.0006299019,0.011268616,0.01020813,0.022888184,0.0034751892,0.022705078,0.01737976,0.0012807846,0.02973938,-0.003829956,-0.0004813671,-0.029037476,-0.018417358,0.095825195,0.082458496,-0.015586853,0.0040626526,-0.024246216,0.009796143,0.0385437,-0.016921997,-0.009109497,0.013153076,0.035736084,-0.035369873,-0.0026893616,-0.0066604614,-0.029678345,-0.056488037,-0.027359009,0.004283905,0.020370483,-0.056488037,-0.040985107,0.018035889,-0.02519226,0.02619934,0.05026245,0.024337769,0.031066895,-0.03378296,0.006706238,-0.02458191,0.03967285,0.020812988,-0.010383606,0.0061454773,0.054229736,0.0030918121,-0.03390503,-0.018478394,0.029815674,0.04168701,0.018112183,-0.014839172,-0.012107849,-0.058898926,-0.011604309,-0.09106445,0.021362305,-0.03173828,0.0074272156,0.05026245,0.01864624,-0.011428833,0.023956299,0.01852417,0.011795044,-0.054534912,-0.018554688,0.06298828,0.049224854,0.0063095093,0.006839752,0.0024471283,-0.037719727,0.0135650635,0.039520264,-0.01687622,-0.019851685,-0.0496521,-0.029556274,0.010551453,0.027160645,-0.050354004,0.061767578,0.031829834,-0.050872803,-0.042388916,0.0046539307,0.0030059814,0.04058838,-0.09838867,0.03363037,-0.0076789856,-0.013450623,0.045135498,-0.028015137,-0.014122009,-0.008857727,0.019821167,0.023010254,0.031066895,-0.032287598,0.03729248,-0.0015249252,0.017730713,-0.004837036,-0.06463623,0.018951416,-0.0005431175,0.041534424,-0.027496338,0.026672363,0.030654907,0.0463562,-0.040130615,0.0069885254,-0.008262634,0.006965637,0.0135650635,-0.024139404,-0.025405884,-0.02659607,-0.0635376,-0.009521484,0.024169922,-0.006752014,0.005306244,-0.03253174,0.034423828,0.00088500977,0.02067566,-0.017150879,0.005794525,0.024856567,-0.0044174194,-0.040161133,-0.021713257,0.0033721924,-0.014533997,-0.0082473755,0.028518677,0.018600464,0.024673462,-0.038146973,0.026779175,0.0036582947,0.011428833,-0.011978149,0.051696777,0.06365967,-0.029571533,-0.024002075,0.029159546,-0.05001831,0.015945435,0.0039482117,0.020812988,0.037200928,0.0118637085,-0.050811768,0.0057525635,0.035247803,-0.024047852,0.0022182465,-0.0014457703,0.015548706,-0.0056533813,0.027053833,-0.036132812,0.0036354065,0.021713257,0.062927246,-0.03552246,0.013153076,0.04949951,0.02017212,0.0033912659,0.054718018,-0.008644104,0.01386261,-0.0031719208,-0.007888794,-0.026519775,0.01322937,-6.0796738e-05,-0.022415161,0.022903442,0.012542725,-0.0038967133,0.014160156,0.04196167,0.043182373,0.014030457,0.018081665,-0.0124053955,-0.001613617,-0.045928955,0.02305603,0.018478394,-0.014091492,-0.006072998,-0.0015058517,-0.044158936,0.0052452087,-0.0029087067,-0.0048980713,-0.020050049,0.021514893,-0.03704834,0.0066566467,0.04397583,-0.014877319,-0.020492554,-0.023513794,-0.034057617,-0.014404297,-0.042144775,-0.017227173,-0.009613037,0.016937256,0.002407074,-0.051940918,0.007663727,0.025024414,0.019165039,-0.02772522,0.013122559,-0.0262146,0.0118637085,-0.010887146,-0.030944824,0.036743164,0.004459381,0.02432251,-0.028289795,-0.0058021545,-0.019119263,-0.030532837,0.0072784424,0.0044059753,-0.036376953,0.058898926,0.0023880005,-0.038116455,0.07299805,-0.015571594,-0.026550293,-0.02986145,0.0015258789,0.026641846,0.0070343018,0.0037899017,-0.024093628,0.024169922,0.018661499,0.018005371,-0.011291504,0.026550293,-0.032928467,-0.0039634705,0.013656616,0.005962372,0.0041122437,-0.006965637,-0.014945984,-0.013595581,0.016067505,0.052368164,-0.033355713,-0.0024490356,-0.06536865,0.06173706,-0.058502197,-0.018447876,0.00504303,0.007472992,0.015235901,-0.04156494,-0.015548706,0.031097412,0.017745972,-0.033111572,0.017028809,0.016235352,-0.00894165,0.060760498,-0.0135650635,0.04623413,-0.013412476,-0.05734253,0.0026893616,-0.0107803345,-0.020324707,-0.034606934,-0.009597778,0.060455322,-0.0014286041,0.036193848,-0.004169464,0.032562256,0.019210815,-0.03050232,0.060455322,0.012718201,0.008369446,-0.030090332,0.014312744,-0.012290955,0.034820557,-0.018463135,-0.0032234192,-0.0236969,0.013435364,0.007156372,0.012664795,0.00076293945,-0.019866943,0.028167725,-0.0014743805,0.034942627,-0.061309814,0.013938904,-0.065979004,-0.008178711,-0.0035552979,0.004764557,0.034942627,0.0015773773,0.024658203,0.00091457367,-0.0016374588,-0.014083862,-0.023498535,-0.017440796,0.029785156,0.00039434433,-0.0037899017,0.015731812,0.030792236,0.029403687,-0.006816864,-0.03338623,-0.024124146,0.0026874542,0.02772522,0.0463562,-0.0049858093,-0.019821167,0.017547607,0.021743774,0.0289917,-0.018005371,-0.031921387,-0.021209717,-0.027862549,-0.010284424,0.0014038086,0.028259277,0.0079193115,-0.00579834,-0.01184082,0.006996155,0.020004272,0.031433105,-0.0002104044,-0.016860962,-0.049194336,-0.020446777,-0.010971069,0.013374329,-0.008117676,0.05505371,-0.0015201569,-0.021469116,0.02017212,0.025314331,-0.0034751892,-0.005748749,0.06286621,-0.015342712,0.01637268,-0.026245117,-0.023406982,0.02619934,0.054534912,0.03540039,0.0068855286,-0.0076141357,-0.005466461,0.0067253113,-0.013954163,-0.0079574585,0.019363403,0.018127441,-0.015136719,-0.037109375,0.05709839,-0.023864746,-0.012718201,-0.009712219,-0.017684937,-0.031219482,-0.024917603,-0.0209198,0.004650116,0.008811951,-0.027938843,-0.019882202,-0.023269653,-0.009262085,0.0049057007,-0.032318115,0.012680054,-0.0055389404,-0.012924194,-0.044647217,0.0046806335,0.017562866,0.036254883,-0.025177002,-0.032806396,0.040496826,0.010826111,-0.008865356,0.0020503998,-0.001742363,-0.030349731,-0.004463196,0.013595581,-0.014778137,0.0075302124,0.021957397,0.012008667,0.042297363,0.05456543,0.034606934,0.047607422,0.015975952,-0.0044288635,-0.0045051575,-0.034820557,-0.021392822,-0.019302368,0.021774292,0.0060577393,-0.0141067505,-0.040527344,-0.026306152,-0.017974854,0.044189453,0.012489319,-0.017059326,0.045715332,-0.0013046265,0.004638672,-0.005168915,0.024993896,0.014030457,0.012428284,-0.008903503,-0.006839752,-0.00447464,-0.012863159,-0.039916992,0.028030396,0.039611816,0.0033340454,0.025482178,0.01348114,0.016464233,0.011795044,-0.013031006,-0.010154724,0.033447266,-0.0041542053,-0.038360596,-0.03677368,-0.027389526,-0.036193848,0.029296875,-0.05355835,0.032043457,0.012496948,0.002357483,0.0043907166,0.049682617,0.009338379,0.019927979,0.043792725,0.0031471252,0.0014982224,0.031051636,-0.070739746,-0.015197754,-0.013519287,0.008735657,-0.030639648,-0.014328003,0.04309082,-0.019958496,-0.0005736351,0.023925781,-0.03387451,-0.0158844,-0.012046814,0.01259613,0.022827148,0.0423584,0.025436401,0.005455017,-0.020462036,0.028213501,0.0074386597,0.020584106,0.023254395,0.049621582,-0.0069236755,0.04916382,0.01197052,-0.031021118,0.017288208,-0.046051025,-0.0030345917,0.0069236755,-0.019485474,-0.027389526,0.014221191,-0.025146484,0.024398804,-0.01763916,0.028320312,-0.02204895,0.00028705597,-0.021148682,-0.003030777,-0.0048179626,-0.022598267,0.03149414,0.024383545,0.00062704086,0.041168213,-0.025619507,0.0113220215,0.034729004,0.010169983,0.035705566,-0.03878784,0.020324707,-0.05227661,0.0033893585,0.009468079,-0.0059394836,0.0069122314,-0.01499176,0.013389587,0.04751587,-0.007472992,0.022659302,-0.01927185,0.00617218,-0.013069153,-0.00012981892,0.009979248,-0.03982544,-0.0017843246,-0.030807495,0.0206604,0.01979065,0.017669678,-0.0071640015,-0.037597656,-0.023239136,0.012062073,0.007633209,0.009086609,0.019882202,-0.019485474,-0.032470703,0.002855301,0.04058838,-0.030151367,0.023849487,-0.02545166,-0.004989624,-0.023284912,-0.0057525635,-0.029296875,-0.0075302124,0.023040771,0.0042495728,-0.033355713,0.0141067505,-0.021636963,0.00066280365,0.018371582,-0.0146484375,-0.022949219,0.0017728806,-0.027694702,-0.0234375,-0.044799805,-0.040649414,0.0042419434,-0.022369385,0.040740967,-2.6226044e-05,-0.019729614,-0.013427734,0.03363037,0.036102295,-0.03668213,0.016815186,-0.0077934265,0.041168213,-0.026062012,-0.0049743652,0.011444092,0.0023651123,0.053344727,-0.034454346,0.018737793,-0.007297516,0.0053138733,-0.0020103455,0.029342651,-0.036010742,-0.0066986084,0.026901245,0.015731812,0.036132812,0.013748169,-0.023117065,0.025238037,0.050872803,0.008285522,-0.012451172,-0.040100098,0.023498535,-0.001420021,0.019088745,-0.007762909,0.0044136047,0.020324707,0.008979797,-0.014907837,-0.019515991,-0.01335144,-0.019317627,-0.05987549,0.0074653625,0.017288208,0.0041999817,-0.002872467,-0.013954163,-0.022735596,0.011711121,0.0118255615,0.00026845932,0.0035114288,-0.006137848,-0.011947632,-0.001241684,-0.017166138,0.0072135925,-0.036712646,-0.032958984,0.0039024353,0.0036354065,0.0010700226,-0.02696228,-0.0104522705,-0.019195557,0.008613586,-0.012069702,0.007701874,0.035583496,-0.0013818741,0.034332275,0.03149414,-0.009239197,0.013244629,-0.024795532,-0.023208618,-0.017913818,0.0014696121,0.027832031,0.0027275085,-0.015357971,-0.014007568,-0.0043029785,0.029006958,-0.020233154,-0.011787415,-0.035064697,-0.029937744,0.012924194,0.017486572,0.03643799,0.00024211407,-0.03918457,-0.0027942657,-0.0023651123,-0.00081443787,0.030303955,-0.05770874,0.027359009,-0.004611969,-0.0099105835,0.0007557869,-0.0023937225,-0.0061035156,-0.021316528,0.0041007996,-0.0028820038,-0.034729004,0.0006198883,-0.011558533,0.0016326904,-0.005622864,0.010910034,-0.0010347366,-0.017028809,0.024932861,0.042633057,0.0096206665,-0.026794434,0.01449585,-0.011634827,0.019973755,-0.03857422,0.008659363,0.007537842,0.010055542,0.011146545,0.0006914139,-0.0013809204,-0.034454346,0.017959595,0.0073623657,0.0037651062,0.019332886,0.018371582,-0.0026721954,-0.0031547546,0.020004272,-0.006591797,0.017532349,0.01953125,0.026626587,-0.03414917,-0.017654419,0.051483154,0.0019254684,0.009803772,-0.0034885406,-0.03918457,-0.01197052,-0.0032463074,-0.0088272095,0.016052246,0.028396606,0.046569824,0.006958008,0.011924744,0.05014038,-0.021606445,0.004589081,-0.023071289,0.027389526,-0.011047363,0.004722595,0.044830322,0.018432617,-0.021560669,0.054107666,-0.033111572,-0.0074386597,-0.01399231,0.045135498,-0.006137848,0.011886597,0.010658264,0.035614014,0.012756348,-0.020980835,0.0040245056,0.011650085,0.017501831,-0.000156641,-0.039764404,0.0395813,0.004928589,0.038330078,0.010818481,-0.00579834,0.027008057,0.0036773682,0.017959595,0.051208496,0.070495605,0.006088257,-0.014724731,-0.021270752,-0.028503418,-0.014762878,-0.027313232,-0.0020484924,-0.013259888,-0.034362793,0.031829834,-0.033111572,-0.01335144,-0.011894226,0.022644043,0.032196045,0.009513855,0.014045715,0.009300232,0.01902771,-0.0008454323,-0.009048462,0.017715454,0.027542114,0.017028809,-0.0003106594,0.04135132,0.02571106,0.03363037,0.006000519,0.011306763,-0.019424438,-0.015075684,-0.0035877228,-0.04196167,-0.024719238,0.007331848,-0.019714355,0.00072050095,-0.013580322,-0.006248474,-0.009712219,0.010787964,-0.01940918,0.000667572,-0.009185791,-0.007118225,-0.0066108704,0.010055542,0.012741089,5.197525e-05,0.016296387,0.010345459,-0.013282776,0.009864807,0.015930176,-0.0022296906,-0.014274597,0.014297485,0.0029621124,-0.00579834,-0.004917145,-0.036376953,0.042053223,-0.01247406,-0.009765625,0.015563965,-2.7537346e-05,-0.0151901245,0.021865845,0.005252838,-0.020507812,-0.015625,0.04849243,-0.021636963,0.004863739,-0.037231445,-0.0007266998,-0.030548096,-0.028244019,0.03265381,0.0023021698,-0.013336182,-0.0051345825,0.0027656555,-0.024810791,0.0062675476,-0.014129639,0.01637268,0.018600464,0.009750366,0.034942627,0.012680054,0.008903503,-0.03805542,-0.02418518,0.048919678,-0.041137695,-0.008605957,-0.032806396,-0.029220581,0.016220093,0.027267456,-0.02809143,0.004421234,-0.0026817322,-2.515316e-05,0.008979797,-0.021362305,-0.0234375,0.019943237,0.023712158,0.032073975,-0.021774292,-0.012123108,-0.0026397705,0.06677246,-0.019866943,-0.011306763,0.003227234,0.0025424957,-0.0011100769,-0.014671326,-0.025787354,0.016479492,-0.0024700165,-0.00046491623,0.0107040405,-0.023605347,0.0027217865,-0.008590698,-0.0124435425,-0.01838684,-0.013977051,-0.018859863,0.034606934,-0.020401001,-0.021392822,0.015380859,-0.018951416,-0.0107803345,0.08618164,0.021453857,0.0016431808,0.033966064,0.030731201,0.036895752,0.031311035,0.013168335,0.02407837,-0.013885498,-0.0259552,-0.00059604645,-0.017410278,-0.008308411,0.01348114,0.033416748,-0.0006122589,0.011512756,0.021560669,0.03466797,-0.001709938,-0.03717041,-0.0028686523,0.0061950684,-0.009223938,-0.006614685,-0.0047836304,-0.01007843,0.025939941,-0.036621094,-0.004917145,0.000749588,0.047729492,0.008308411,-0.015113831,0.024276733,-0.0077819824,-0.03262329,0.0012140274,0.030197144,-0.01360321,0.014350891,0.023345947,0.006000519,0.0023536682,0.004169464,0.0020103455,-0.007286072,-0.004714966,0.008972168,-0.039642334,-0.0044288635,0.011108398,-0.014297485,0.040985107,-0.0015668869,0.032989502,0.0073890686,-0.016967773,0.009757996,0.01210022,-0.009307861,-0.009239197,-0.029296875,-0.016235352,-0.021362305,-0.014328003,-0.009262085,-0.00806427,-0.032318115,0.004432678,0.009635925,-0.019821167,0.017196655,-0.016021729,0.020568848,-0.011314392,-0.0029468536,0.005332947,0.015625,0.019866943,-0.02104187,0.0065727234,0.0284729,-0.026306152,-0.025512695,0.0058021545,-0.0022125244,-0.034088135,0.0046310425,-0.021621704,0.00932312,0.06689453,0.00831604,-0.012054443,-0.010574341,0.007045746,0.02973938,0.0009202957,0.013244629,0.027618408,-0.021072388,0.0020599365,0.043823242,0.030059814,0.006965637,0.014144897,-0.009727478,-0.001490593,-0.017852783,-0.019485474,-0.013847351,0.033355713,-0.025848389,-0.0158844,0.0140686035,-0.036621094,-0.012771606,0.01852417,0.0071105957,0.0093688965,0.010314941,-0.015136719,-0.0032978058,-0.028503418,-0.018798828,0.016845703,0.018447876,-0.0015277863,0.02772522,0.049560547,0.0034427643,0.0046653748,0.0256958,-0.007671356,-0.0075416565,0.001499176,-0.0184021,0.0050582886,0.01210022,-0.03250122,-0.0009660721,0.00093078613,0.016403198,-0.02947998,-0.006919861,-0.023895264,-0.0025577545,0.018447876,-0.020141602,-0.008491516,0.0063552856,-0.009613037,0.017059326,0.038848877,-0.002960205,0.018692017,-0.05340576,0.006072998,0.019439697,0.027832031,-0.002773285,-0.0076828003,-0.031982422,0.008804321,0.022857666,0.024856567,0.023468018,-0.011123657,0.014251709,-0.027053833,-0.009346008,-0.005710602,0.0040626526,0.013679504,0.016021729,-0.024917603,0.035186768,0.00390625,0.020767212,-0.018966675,-0.01235199,-0.053100586,0.036132812,0.015457153,0.031051636,-0.007827759,-0.0158844,-0.007762909,-0.003578186,0.039794922,-0.00674057,0.001285553,0.007873535,0.045410156,-0.019454956,-0.024490356,0.028320312,-0.013694763,0.058013916,0.009773254,0.012062073,-0.03491211,-0.037139893,-0.017196655,0.013786316,-0.026550293,0.009727478,-0.012329102,-0.012367249,-0.010574341,0.0059776306,-0.0067977905,0.028427124,0.0069236755,-0.0035438538,-0.032470703,-0.00084781647,-0.0033340454,0.006088257,-0.0021324158,0.030426025,0.01222229,0.006416321,0.03086853,-0.031829834,0.023117065,0.013450623,0.012573242,-0.023712158,-0.0032863617,-0.01272583,-0.01499176,-0.010826111,-0.012001038,0.0022296906,-0.0069847107,0.018341064,-0.033294678,0.010978699,0.012084961,-0.011047363,-0.01727295,-0.020141602,-0.015403748,-0.021102905,0.032928467,-0.009841919,-0.02281189,0.0013132095,0.0029888153,-0.0048561096,0.02128601,-0.011428833,0.00422287,-0.0034618378,-0.022064209,-0.0060539246,0.010566711,-0.006416321,-0.027313232,-0.0035552979,0.018066406,0.029891968,0.008163452,0.0031147003,0.0063095093,-0.033935547,0.0060310364,-0.015838623,0.009422302,-0.015960693,-0.00034713745,-0.014289856,0.018936157,0.03363037,0.005695343,-0.042114258,0.010902405,-0.014389038,0.013221741,0.04034424,-0.015640259,-0.045684814,0.028839111,-0.008033752,0.03744507,0.00019872189,-0.021942139,0.020309448,-0.0061683655,-0.00020134449,-0.014984131,-0.0395813,0.01449585,-0.047607422,0.0019779205,-0.019714355,0.011428833,0.0068626404,0.020812988,0.0017518997,0.022994995,0.00868988,0.0030765533,0.02394104,-0.022766113,0.010223389,-0.0035209656,-0.009475708,-0.05303955,0.027236938,-0.019989014,0.042633057,-0.029403687,-0.011390686,0.004047394,0.017654419,-0.0008454323,0.018417358,0.031021118,0.011680603,0.019058228,-0.024658203,0.0020866394,-0.034973145,-0.036895752,0.0034313202,-0.0042533875,0.024169922,-0.0121154785,0.033325195,0.005264282,-0.04083252,0.0018615723,-0.012710571,0.01651001,-0.00333786,0.011634827,-0.032440186,0.016921997,-0.0059013367,-0.017303467,0.020080566,0.031585693,0.014419556,0.012046814,0.0070648193,0.042785645,0.00076055527,-0.019180298,0.012252808,0.00019466877,-0.025009155,0.045959473,-0.024383545,0.026062012,0.029647827,0.06341553,-0.003829956,0.005443573,-0.0082473755,-0.009178162,-0.009170532,0.0055999756,0.028137207,-0.053649902,-0.00447464,0.012252808,-0.01763916,0.00579834,0.02859497,-0.0058631897,0.025375366,0.022201538,-0.006752014,-0.021499634,-0.0134887695,0.03265381,-0.0074920654,0.012634277,-0.001914978,-0.005077362,-0.012649536,0.018814087,0.025497437,-0.010955811,-0.011680603,0.019119263]"
7fe454244d2739708b3484ddecf4937fe44afb38#7,7fe454244d2739708b3484ddecf4937fe44afb38,7,8873445dfcb43d8e9665925a860d39172cdb925f5ae9bf259210666700f02f38,"## Resident tax rates 2020–21

| Taxable income | Tax on this income |
| --- | --- |
| $0 – $18,200 | Nil |
| $18,201 – $45,000 | 19c for each $1 over $18,200 |
| $45,001 – $120,000 | $5,092 plus 32.5c for each $1 over $45,000 |
| $120,001 – $180,000 | $29,467 plus 37c for each $1 over $120,000 |
| $180,001 and over | $51,667 plus 45c for each $1 over $180,000 |","{""Tax rates – Australian resident"",""Resident tax rates 2020–21""}",Tax rates – Australian resident,https://www.ato.gov.au/tax-rates-and-codes/tax-rates-australian-residents,tax-rates-and-codes,,,"{2020-21,2021-22,2022-23,2023-24,2024-25,2025-26,2026-27}",1,active,,2026-09-29 03:59:56.345933+00,"## Resident tax rates 2020–21

| Taxable income | Tax on this income |
| --- | --- |
| $0 – $18,200 | Nil |
| $18,201 – $45,000 | 19c for each $1 over $18,200 |
| $45,001 – $120,000 | $5,092 plus 32.5c for each $1 over $45,000 |
| $120,001 – $180,000 | $29,467 plus 37c for each $1 over $120,000 |
| $180,001 and over | $51,667 plus 45c for each $1 over $180,000 |","[-0.020904541,0.0062561035,0.08050537,0.023101807,0.0052833557,0.041870117,-0.023223877,-0.0012369156,0.009971619,-0.023376465,0.0022792816,0.017211914,0.027877808,0.024032593,0.043426514,-0.008903503,0.021896362,0.006969452,-0.05923462,0.05984497,0.031143188,-0.018493652,-0.016098022,-0.029052734,0.011291504,0.008804321,-0.04220581,-0.042144775,-0.0058517456,0.027236938,0.0131073,-0.0029678345,0.02104187,-0.024246216,-0.026870728,-0.025375366,-0.014862061,-0.014122009,0.052978516,-0.014877319,-0.049346924,0.008506775,0.011581421,0.0049819946,-0.04095459,0.008468628,0.004295349,-0.05239868,-0.027511597,-0.008346558,0.006839752,0.010925293,-0.008979797,0.038208008,-0.07470703,-0.006576538,-0.007835388,0.02154541,-0.013931274,-0.04840088,0.09106445,0.004360199,0.013420105,-0.011642456,-0.0181427,0.051513672,-0.018981934,0.039642334,0.020492554,-0.01977539,0.028274536,0.040802002,0.08050537,-0.015625,0.03390503,-0.004322052,-0.027572632,-0.060943604,-0.011009216,-0.005657196,0.012336731,-0.007411957,-0.0066719055,0.017974854,0.06286621,0.033111572,-0.028289795,-0.03375244,-0.00969696,-0.0046157837,-0.020309448,-0.027694702,-0.051605225,-0.01158905,0.0021781921,-0.056854248,-0.03086853,-0.00023579597,0.0067100525,-0.025878906,0.048828125,0.0067367554,0.04473877,0.011734009,0.03942871,0.023132324,-0.041809082,-0.012298584,0.002603531,0.014137268,-0.024108887,0.04437256,-0.005378723,0.016738892,-0.013580322,0.0014657974,-0.06793213,0.0027751923,0.0048980713,-0.047973633,-0.007545471,-0.04284668,-0.01499939,0.0026550293,0.05041504,-0.03579712,-0.025283813,0.0007677078,-0.07897949,-0.041503906,0.010223389,0.02406311,0.018829346,0.034851074,-0.05633545,0.0060272217,0.007499695,0.034088135,0.002521515,-0.072631836,0.07086182,0.0074501038,0.0073661804,0.0141067505,-0.032470703,-0.00091171265,0.0043144226,-0.015640259,-0.027572632,0.016235352,0.018066406,0.032836914,-0.048980713,0.0074157715,-0.005680084,-0.0075798035,0.007572174,0.047790527,-0.030258179,0.029464722,-0.049346924,-0.0011281967,0.0043144226,0.014266968,0.02456665,0.023132324,-0.003074646,-0.02998352,-0.059448242,0.0054473877,-0.024261475,0.009521484,0.03881836,-0.04724121,0.031097412,-0.019927979,-0.0027599335,-0.021942139,0.028625488,0.023391724,-0.0022659302,0.0010948181,-0.031219482,0.012229919,0.0015821457,-0.00617218,0.012969971,-0.010925293,0.009819031,-0.011756897,0.03390503,-0.031799316,0.05847168,0.05038452,-0.032165527,0.0035762787,0.024108887,-0.0015125275,-0.045196533,-0.039916992,0.018859863,-0.01828003,0.031402588,0.008132935,-0.018753052,0.0008535385,0.013412476,0.01335907,0.029281616,0.0029621124,0.022903442,0.021713257,-0.0006585121,0.032592773,-0.0043907166,-0.0064430237,-0.029434204,-0.018081665,0.09643555,0.08532715,-0.012809753,0.0065460205,-0.023666382,0.009986877,0.041809082,-0.017974854,-0.0062217712,0.018417358,0.034606934,-0.040283203,-0.002822876,-0.0029449463,-0.035461426,-0.061828613,-0.026992798,0.0029201508,0.018829346,-0.062438965,-0.03741455,0.018173218,-0.02709961,0.028381348,0.05053711,0.022064209,0.026687622,-0.035186768,0.004562378,-0.021972656,0.039398193,0.020111084,-0.013206482,0.0069236755,0.057769775,0.0019187927,-0.030441284,-0.017211914,0.025527954,0.037231445,0.018325806,-0.017349243,-0.010971069,-0.061828613,-0.015930176,-0.087890625,0.024932861,-0.031311035,0.0012626648,0.058288574,0.019165039,-0.009765625,0.02178955,0.013374329,0.0031929016,-0.058502197,-0.015777588,0.0647583,0.047668457,0.013320923,0.00440979,-0.0005469322,-0.037017822,0.011932373,0.046325684,-0.014808655,-0.016220093,-0.04663086,-0.029174805,0.01953125,0.032104492,-0.052215576,0.05984497,0.030578613,-0.048950195,-0.043823242,0.00831604,0.005012512,0.03793335,-0.10467529,0.03475952,-0.007282257,-0.013000488,0.042785645,-0.028457642,-0.011230469,-0.005218506,0.0231781,0.02532959,0.024658203,-0.031341553,0.034851074,0.0035152435,0.01725769,-0.0024585724,-0.06567383,0.012336731,-0.0012874603,0.047912598,-0.030654907,0.027832031,0.025772095,0.043426514,-0.038208008,0.0015640259,-0.0038414001,0.008277893,0.019241333,-0.018447876,-0.02571106,-0.022979736,-0.05908203,-0.013587952,0.03024292,-0.0008330345,0.002544403,-0.033721924,0.03793335,0.005870819,0.020401001,-0.020904541,0.0044784546,0.022262573,-0.005168915,-0.031951904,-0.017501831,0.008552551,-0.015434265,-0.009849548,0.025970459,0.018814087,0.022506714,-0.035827637,0.025314331,0.0076904297,0.015625,-0.014160156,0.05456543,0.058258057,-0.027359009,-0.029251099,0.026657104,-0.04550171,0.013206482,0.002576828,0.01687622,0.03778076,0.016098022,-0.04937744,0.0043640137,0.040222168,-0.02470398,-0.0019235611,0.0056419373,0.011604309,-0.0077667236,0.023025513,-0.041046143,0.0066223145,0.02355957,0.06414795,-0.036590576,0.014793396,0.045318604,0.018249512,0.003364563,0.053131104,-0.0073509216,0.012145996,-0.0029182434,-0.006931305,-0.025604248,0.009208679,-0.0026569366,-0.026382446,0.025131226,0.0066223145,-0.0015668869,0.014175415,0.040771484,0.04748535,0.013153076,0.016296387,-0.012313843,-0.00030112267,-0.043182373,0.021316528,0.024993896,-0.020050049,-0.002664566,0.0030670166,-0.04208374,0.0030117035,-0.0018253326,-0.0055732727,-0.025100708,0.02557373,-0.03765869,0.00484848,0.038024902,-0.014533997,-0.017120361,-0.02494812,-0.03277588,-0.015304565,-0.037841797,-0.013885498,-0.008384705,0.016983032,-7.081032e-05,-0.04550171,0.010093689,0.026535034,0.020645142,-0.024795532,0.010498047,-0.027542114,0.011138916,-0.00522995,-0.02406311,0.03729248,0.0017032623,0.015899658,-0.02809143,-0.0062675476,-0.016921997,-0.034942627,0.0062942505,0.002527237,-0.02961731,0.0579834,0.009048462,-0.039398193,0.07519531,-0.017990112,-0.0317688,-0.033813477,0.006690979,0.026367188,0.004207611,0.001876831,-0.02268982,0.02720642,0.018814087,0.020965576,-0.0064926147,0.022018433,-0.026397705,0.0019321442,0.015823364,0.008071899,0.0062942505,-0.0084991455,-0.01209259,-0.011260986,0.0209198,0.054504395,-0.03427124,-0.0053749084,-0.06719971,0.064941406,-0.060058594,-0.019958496,0.002588272,0.013015747,0.012123108,-0.03805542,-0.009109497,0.0262146,0.0134887695,-0.032226562,0.013015747,0.01727295,-0.011688232,0.05508423,-0.013755798,0.047302246,-0.01737976,-0.058410645,0.004562378,-0.0037708282,-0.021148682,-0.03289795,-0.0071983337,0.053588867,0.00059223175,0.03149414,-0.0011034012,0.038238525,0.023468018,-0.03338623,0.05999756,0.006298065,0.008872986,-0.030288696,0.01777649,-0.014663696,0.033935547,-0.019882202,-0.006259918,-0.022445679,0.012519836,0.009307861,0.011108398,0.00023138523,-0.015129089,0.029281616,6.7949295e-06,0.035614014,-0.056762695,0.01386261,-0.06591797,-0.0053100586,-0.0059814453,0.0038871765,0.038085938,-0.0013122559,0.022079468,0.0042800903,-0.0055351257,-0.012420654,-0.024536133,-0.01965332,0.031204224,0.0018005371,-0.006023407,0.015838623,0.027770996,0.028427124,-0.0063171387,-0.03173828,-0.025680542,0.009712219,0.025650024,0.044128418,-0.005718231,-0.022094727,0.016555786,0.01977539,0.027420044,-0.016403198,-0.032409668,-0.021194458,-0.03036499,-0.010421753,0.005504608,0.030654907,0.010665894,-0.007461548,-0.0054626465,-0.0022258759,0.024353027,0.035217285,0.0044441223,-0.017349243,-0.040283203,-0.023376465,-0.013473511,0.017715454,-0.0076828003,0.05508423,0.002702713,-0.022537231,0.018844604,0.02583313,0.00034189224,-0.0031814575,0.05819702,-0.010635376,0.015930176,-0.024154663,-0.024520874,0.02381897,0.050109863,0.030700684,0.006084442,-0.0057029724,-0.0051841736,0.002904892,-0.014030457,-0.016723633,0.01499939,0.018417358,-0.01928711,-0.036010742,0.054473877,-0.021591187,-0.012527466,-0.008346558,-0.018814087,-0.027435303,-0.0256958,-0.019760132,0.00868988,0.005355835,-0.02720642,-0.022018433,-0.019882202,-0.010063171,0.009300232,-0.03378296,0.012588501,-0.0036640167,-0.0084991455,-0.043701172,0.0021095276,0.01739502,0.03652954,-0.025161743,-0.034179688,0.04336548,0.012504578,-0.010063171,0.002216339,-0.00061798096,-0.028015137,-0.005771637,0.016952515,-0.014228821,0.0014410019,0.023147583,0.013214111,0.040771484,0.057250977,0.03375244,0.05432129,0.014213562,-0.0009431839,-0.00907135,-0.040130615,-0.02017212,-0.021881104,0.024429321,0.00894928,-0.014701843,-0.038909912,-0.023468018,-0.018829346,0.0435791,0.0055007935,-0.015159607,0.051605225,-0.0019550323,0.00025820732,-0.004348755,0.021636963,0.011878967,0.013771057,-0.0069885254,-0.004989624,-0.0074310303,-0.01474762,-0.040771484,0.027313232,0.04348755,0.0033817291,0.030319214,0.013580322,0.016784668,0.007987976,-0.009391785,-0.012298584,0.03274536,-0.0032539368,-0.039764404,-0.040405273,-0.02571106,-0.032714844,0.026748657,-0.048828125,0.030654907,0.013160706,0.008636475,0.0028057098,0.051727295,0.012527466,0.021331787,0.04095459,-0.0008325577,0.0041770935,0.035461426,-0.070007324,-0.0143966675,-0.015174866,0.009414673,-0.03050232,-0.016098022,0.047943115,-0.018493652,-0.001376152,0.022644043,-0.03527832,-0.014961243,-0.013885498,0.009605408,0.025375366,0.04107666,0.030776978,0.0022621155,-0.020767212,0.027053833,6.687641e-05,0.020401001,0.020996094,0.04849243,-0.006664276,0.045776367,0.0075912476,-0.025314331,0.012779236,-0.04888916,0.0033111572,0.00617218,-0.016220093,-0.021270752,0.015014648,-0.02331543,0.030548096,-0.020187378,0.028656006,-0.022750854,0.002620697,-0.016784668,-0.00497818,-0.0033302307,-0.022537231,0.036224365,0.021514893,-0.0023155212,0.043304443,-0.029129028,0.011550903,0.037872314,0.0104904175,0.0335083,-0.037597656,0.022323608,-0.0546875,0.005443573,0.017669678,-0.0056648254,0.00409317,-0.021606445,0.018249512,0.043762207,-0.007965088,0.023101807,-0.015213013,0.0074691772,-0.010879517,-0.0058059692,0.008125305,-0.03778076,-0.0058135986,-0.026016235,0.021743774,0.025848389,0.018554688,-0.008117676,-0.037475586,-0.018676758,0.010414124,0.010368347,0.008682251,0.013069153,-0.023483276,-0.026992798,0.0021591187,0.037719727,-0.031707764,0.015068054,-0.027130127,-0.005973816,-0.019973755,-0.0113220215,-0.026367188,-0.006164551,0.027938843,0.00831604,-0.029327393,0.0141067505,-0.025268555,-0.0033874512,0.0129852295,-0.014099121,-0.024169922,0.0010204315,-0.027313232,-0.018661499,-0.04348755,-0.040039062,0.006214142,-0.020996094,0.039642334,0.00078487396,-0.022537231,-0.0149383545,0.03164673,0.03829956,-0.041290283,0.015014648,-0.0049362183,0.04901123,-0.02557373,-0.006793976,0.01197052,-0.002313614,0.05178833,-0.036987305,0.023330688,-0.009140015,0.0045318604,-0.0006160736,0.031677246,-0.041259766,-0.003326416,0.026611328,0.012672424,0.03237915,0.007598877,-0.025177002,0.028793335,0.052734375,0.0008883476,-0.009979248,-0.04333496,0.025344849,-0.00092220306,0.02281189,-0.009727478,0.0038795471,0.019821167,0.010787964,-0.008651733,-0.018203735,-0.011421204,-0.018051147,-0.062805176,0.0074386597,0.020568848,0.004146576,0.002216339,-0.017532349,-0.019714355,0.0057411194,0.012519836,-0.0005173683,0.0020446777,-0.0024738312,-0.008926392,-0.0024871826,-0.015701294,0.012145996,-0.037872314,-0.037597656,0.009788513,0.0034008026,-0.00047945976,-0.030395508,-0.006965637,-0.020050049,0.012168884,-0.016479492,0.009292603,0.039001465,-0.0033397675,0.038482666,0.028320312,-0.010597229,0.009101868,-0.02558899,-0.019897461,-0.02017212,0.0072288513,0.02494812,0.003660202,-0.012702942,-0.016601562,-0.0054893494,0.028015137,-0.017471313,-0.011871338,-0.030944824,-0.031799316,0.015274048,0.019302368,0.037017822,0.002729416,-0.04071045,-0.0057411194,0.00030350685,0.002910614,0.028244019,-0.0637207,0.030181885,-0.007331848,-0.012886047,-0.0030841827,-0.00081920624,-0.007331848,-0.016815186,0.005142212,-0.0034065247,-0.037475586,-0.00011086464,-0.00970459,0.0015001297,-0.0067100525,0.009635925,0.0020065308,-0.021621704,0.022033691,0.039733887,0.013916016,-0.025802612,0.0141067505,-0.009246826,0.02168274,-0.040771484,0.009727478,0.0090408325,0.008262634,0.012748718,0.0026435852,-0.0035572052,-0.03363037,0.016479492,0.006866455,0.004623413,0.0211792,0.022659302,-0.0018320084,-0.001288414,0.021850586,-0.0051994324,0.021118164,0.018157959,0.025756836,-0.036987305,-0.017807007,0.050720215,-0.0026741028,0.008773804,-0.0020122528,-0.036895752,-0.0065994263,-0.0019340515,-0.007835388,0.016433716,0.034179688,0.044403076,0.004322052,0.010643005,0.054870605,-0.015853882,0.004611969,-0.028762817,0.028869629,-0.00806427,0.0068206787,0.04562378,0.015686035,-0.017745972,0.052368164,-0.030838013,-0.009056091,-0.0181427,0.04727173,-0.008460999,0.01272583,0.010498047,0.044525146,0.012382507,-0.021133423,0.0030002594,0.010063171,0.018203735,0.0026550293,-0.03427124,0.03945923,0.009017944,0.035095215,0.013801575,-0.010566711,0.028381348,0.0017576218,0.019088745,0.054351807,0.07141113,0.0059547424,-0.0184021,-0.023620605,-0.028686523,-0.012619019,-0.028396606,-0.0020980835,-0.014602661,-0.038513184,0.031585693,-0.030578613,-0.015823364,-0.011192322,0.028457642,0.03186035,0.013397217,0.01512146,0.007663727,0.019973755,0.0006737709,-0.006324768,0.022903442,0.030654907,0.01399231,-0.0036506653,0.03982544,0.028396606,0.03753662,0.005493164,0.009986877,-0.019073486,-0.013847351,-0.007801056,-0.04046631,-0.02583313,0.005580902,-0.01838684,-0.0026111603,-0.016464233,-0.007255554,-0.011627197,0.0075798035,-0.015716553,0.0017576218,-0.010025024,-0.007835388,-0.0064582825,0.011054993,0.012428284,-0.00029277802,0.016952515,0.01071167,-0.020751953,0.014419556,0.014549255,-0.0012464523,-0.0119018555,0.01272583,0.003818512,-0.006580353,-0.0051956177,-0.039764404,0.044189453,-0.014625549,-0.006652832,0.018295288,0.00059461594,-0.01322937,0.01940918,0.0019836426,-0.01828003,-0.007144928,0.047180176,-0.019210815,0.0052261353,-0.036865234,-0.0017995834,-0.03086853,-0.032928467,0.03050232,0.0022640228,-0.013748169,-0.0021839142,0.005268097,-0.022628784,0.005836487,-0.012886047,0.019577026,0.018356323,0.008644104,0.03149414,0.010383606,0.013969421,-0.040618896,-0.02746582,0.04714966,-0.040496826,-0.010284424,-0.034240723,-0.025421143,0.01953125,0.029876709,-0.027236938,0.007534027,-0.00012117624,1.5735626e-05,0.0072364807,-0.016677856,-0.025878906,0.0155181885,0.024887085,0.032348633,-0.024032593,-0.011268616,-0.0038642883,0.06951904,-0.017868042,-0.011299133,0.002439499,0.007217407,0.0019989014,-0.015274048,-0.021514893,0.010498047,-0.0025920868,0.0036964417,0.012123108,-0.024383545,0.0043678284,-0.0074424744,-0.012710571,-0.021636963,-0.013214111,-0.02218628,0.03286743,-0.018692017,-0.022277832,0.015914917,-0.017440796,-0.009986877,0.08557129,0.020736694,0.0057792664,0.03677368,0.031677246,0.03466797,0.035369873,0.01763916,0.020736694,-0.014587402,-0.023620605,-0.0033855438,-0.016357422,-0.004722595,0.009674072,0.035369873,-0.0015287399,0.011955261,0.01852417,0.03692627,0.0015745163,-0.033569336,-0.00086402893,0.0045394897,-0.009101868,-0.0036563873,-0.0041770935,-0.008331299,0.022064209,-0.031555176,-0.0019273758,0.004257202,0.05206299,0.011802673,-0.012680054,0.02079773,-0.009628296,-0.031066895,0.00067329407,0.030349731,-0.014251709,0.012290955,0.024765015,0.004295349,0.0005130768,0.008872986,0.005821228,-0.002281189,-0.005050659,0.008224487,-0.0395813,-0.0056648254,0.0072364807,-0.013885498,0.04309082,-0.0016212463,0.035125732,0.012870789,-0.016143799,0.01222229,0.015792847,-0.0070228577,-0.009819031,-0.025772095,-0.023223877,-0.024414062,-0.013954163,-0.007522583,-0.009635925,-0.032592773,0.0025463104,0.0027236938,-0.018325806,0.022354126,-0.0140686035,0.021011353,-0.0104904175,0.0009908676,0.005382538,0.017547607,0.01789856,-0.025024414,0.0039634705,0.03363037,-0.023239136,-0.02494812,0.003293991,-0.0022068024,-0.03475952,0.007144928,-0.021499634,0.011634827,0.062683105,0.0073509216,-0.011207581,-0.009635925,0.0075531006,0.024597168,-0.0034980774,0.012336731,0.025009155,-0.022521973,-0.000600338,0.042541504,0.03564453,0.006515503,0.014015198,-0.012359619,0.0023269653,-0.016921997,-0.014961243,-0.015052795,0.031280518,-0.025390625,-0.01499176,0.008979797,-0.036010742,-0.015365601,0.018066406,0.005783081,0.014472961,0.008636475,-0.013381958,-0.0013456345,-0.026992798,-0.017562866,0.014289856,0.01739502,0.0010061264,0.031585693,0.05441284,0.002462387,0.00046229362,0.022857666,-0.0038700104,-0.008216858,0.0033054352,-0.019378662,0.006839752,0.009124756,-0.029571533,-0.0016613007,0.0028705597,0.014175415,-0.027862549,-0.0069236755,-0.02418518,-0.00289917,0.018630981,-0.020263672,-0.001958847,0.0035820007,-0.0067825317,0.01701355,0.040985107,-0.0017461777,0.018966675,-0.048431396,0.006679535,0.021606445,0.026107788,-0.0053482056,-0.0029067993,-0.030838013,0.009300232,0.026489258,0.02243042,0.022460938,-0.010009766,0.013587952,-0.027435303,-0.010696411,-0.003982544,-5.2154064e-05,0.010955811,0.013710022,-0.023391724,0.031982422,0.0015563965,0.021820068,-0.018356323,-0.015380859,-0.047607422,0.03640747,0.013191223,0.028030396,-0.0018138885,-0.015899658,-0.0065727234,-0.0019302368,0.042541504,-0.0025310516,0.003238678,0.0073661804,0.040771484,-0.016677856,-0.024780273,0.024917603,-0.016921997,0.06677246,0.0073928833,0.0118255615,-0.037200928,-0.033813477,-0.01474762,0.0135650635,-0.025436401,0.009376526,-0.01574707,-0.011871338,-0.013542175,0.005458832,-0.0051994324,0.034820557,0.004802704,-0.0023670197,-0.03161621,0.0006518364,-0.0023441315,0.002067566,-0.0003464222,0.03201294,0.013710022,0.008735657,0.03062439,-0.036132812,0.023361206,0.014770508,0.013198853,-0.026794434,-0.0046653748,-0.0064430237,-0.01852417,-0.00995636,-0.009223938,0.00459671,-0.0064582825,0.01701355,-0.037384033,0.007987976,0.0118255615,-0.01133728,-0.01751709,-0.02407837,-0.019607544,-0.02432251,0.0287323,-0.008270264,-0.02458191,0.0050621033,-0.00026750565,-0.00091362,0.021942139,-0.010345459,0.002231598,-0.0047912598,-0.022033691,-0.0061912537,0.005504608,-0.0077667236,-0.024719238,-0.0017004013,0.018554688,0.027648926,0.0067100525,0.00076150894,0.005836487,-0.036193848,0.0009889603,-0.012916565,0.008903503,-0.015274048,0.0005221367,-0.009262085,0.018859863,0.03451538,0.011192322,-0.03866577,0.013145447,-0.011047363,0.008331299,0.042297363,-0.0076942444,-0.043701172,0.025878906,-0.0019454956,0.039886475,-0.0007581711,-0.024932861,0.018203735,-0.0062828064,-0.0011415482,-0.01360321,-0.034820557,0.013198853,-0.046783447,0.0017976761,-0.018600464,0.0115737915,-0.00072050095,0.025558472,0.0025596619,0.02519226,0.004146576,0.0022258759,0.023391724,-0.02180481,0.010940552,-0.0046844482,-0.010688782,-0.049865723,0.0262146,-0.022323608,0.038208008,-0.034240723,-0.010406494,0.0004992485,0.018341064,0.005104065,0.019012451,0.0287323,0.014640808,0.018218994,-0.025894165,0.006576538,-0.030426025,-0.03894043,0.007663727,0.0012407303,0.026611328,-0.016662598,0.03286743,0.0062294006,-0.04425049,0.0028305054,-0.009468079,0.013694763,-0.005382538,0.009681702,-0.030700684,0.017623901,-0.00831604,-0.020233154,0.020843506,0.033416748,0.016723633,0.0076179504,0.0088272095,0.045837402,-7.0929527e-06,-0.019683838,0.017913818,-0.0011873245,-0.023757935,0.051116943,-0.025466919,0.031463623,0.02760315,0.059509277,-0.0030670166,0.00374794,-0.002450943,-0.0093688965,-0.004512787,0.008743286,0.033325195,-0.049743652,-0.0021629333,0.010284424,-0.01737976,0.0047683716,0.03010559,-0.0043258667,0.023086548,0.019851685,-0.009315491,-0.016067505,-0.012687683,0.030578613,-0.005622864,0.015853882,-0.00440979,-0.0056533813,-0.012054443,0.018539429,0.024642944,-0.008575439,-0.010345459,0.010368347]"
7fe454244d2739708b3484ddecf4937fe44afb38#8,7fe454244d2739708b3484ddecf4937fe44afb38,8,f76c5068408a04e931e45b1bf77497406ff0e42a7bc32d1828573d288d12dd81,"## What to read or do next

- [Tax rates – foreign resident](https://www.ato.gov.au/tax-rates-and-codes/tax-rates-foreign-residents)
- [Tax rates – working holiday maker](https://www.ato.gov.au/tax-rates-and-codes/tax-rates-working-holiday-makers)
- [Medicare levy](https://www.ato.gov.au/individuals-and-families/medicare-and-private-health-insurance/medicare-levy)","{""Tax rates – Australian resident"",""What to read or do next""}",Tax rates – Australian resident,https://www.ato.gov.au/tax-rates-and-codes/tax-rates-australian-residents,tax-rates-and-codes,,,"{2020-21,2021-22,2022-23,2023-24,2024-25,2025-26,2026-27}",1,active,,2026-09-29 03:59:56.345988+00,"- [Tax rates – foreign resident](https://www.ato.gov.au/tax-rates-and-codes/tax-rates-foreign-residents)
- [Tax rates – working holiday maker](https://www.ato.gov.au/tax-rates-and-codes/tax-rates-working-holiday-makers)
- [Medicare levy](https://www.ato.gov.au/individuals-and-families/medicare-and-private-health-insurance/medicare-levy)","[-0.050598145,0.023086548,0.04046631,0.0029010773,0.02420044,0.05529785,-0.0053215027,0.026947021,0.01864624,-0.015930176,0.03237915,-0.002412796,0.022262573,0.0018386841,0.021148682,0.0054779053,-0.021530151,0.014022827,-0.013198853,0.045532227,0.048034668,0.020874023,-0.03353882,0.012771606,-0.027435303,-0.0032463074,-0.028289795,-0.02909851,-0.013389587,0.0041656494,0.030197144,-0.0030460358,0.04751587,-0.0041160583,-0.016647339,-0.011184692,-0.020477295,0.0020656586,0.054138184,-0.025894165,-0.009887695,0.029220581,0.053741455,0.032684326,-0.041137695,0.0138168335,-0.006679535,-0.028213501,-0.018951416,0.012672424,-0.052703857,0.01687622,0.006893158,0.026397705,-0.061279297,0.008148193,-0.003042221,0.013008118,0.0058937073,-0.0066604614,0.07720947,0.049224854,-0.008239746,-0.025909424,-0.033325195,0.057739258,-0.001821518,0.06604004,-0.028625488,-0.061462402,0.036712646,0.042541504,0.051696777,-0.022216797,0.0049324036,-0.022994995,0.019363403,0.00083875656,-0.0049552917,-0.016235352,-0.0074806213,0.0070228577,-0.016281128,0.0011949539,0.021209717,0.043304443,-0.03677368,-0.019195557,-0.016784668,-0.04107666,-0.012062073,-0.019607544,-0.022888184,-0.01348114,0.05935669,-0.03253174,-0.037506104,0.005832672,-0.008987427,-0.0068893433,0.06713867,-0.026153564,0.022460938,0.01322937,0.0836792,0.013130188,-0.024749756,-0.031097412,-0.022018433,0.02796936,-0.04269409,0.03881836,-0.029190063,0.044830322,-0.01235199,0.0035057068,-0.06750488,0.021347046,0.043670654,-0.014572144,-0.03881836,-0.012252808,0.040924072,0.025772095,0.037872314,-0.007457733,-0.036865234,0.0038871765,-0.07373047,-0.036224365,0.06567383,0.0076675415,0.036346436,-0.022460938,-0.033813477,0.010368347,0.03302002,0.029373169,-0.00374794,-0.03579712,0.061340332,0.04034424,0.020889282,0.037139893,0.003068924,0.0062561035,-0.0047721863,-0.01398468,-0.014892578,0.006351471,-0.0051345825,0.01713562,-0.041290283,0.012771606,-0.044830322,-0.00040650368,0.015457153,0.0054130554,-0.03100586,0.038330078,-0.05810547,0.015487671,-0.020095825,0.032226562,0.024551392,0.021469116,-0.004261017,-0.054656982,-0.05593872,-0.05279541,-0.046142578,0.010597229,-0.014205933,-0.032806396,0.00030207634,-0.045043945,0.015625,-0.023971558,0.01828003,0.02885437,-0.029541016,0.022994995,-0.039123535,0.014007568,-0.0069007874,-0.06359863,-0.0024871826,-0.013694763,0.012374878,0.013069153,0.03488159,-0.037139893,0.03060913,0.0597229,-0.04135132,-0.018798828,-0.021270752,0.012611389,0.0042533875,-0.012451172,0.023925781,-0.034057617,0.05328369,-0.016571045,-0.00044441223,0.0055351257,0.004383087,-0.0056762695,0.022109985,0.014556885,0.05230713,-0.028076172,0.0085372925,0.01966858,0.0024662018,0.023468018,-0.018188477,-0.0041160583,0.055389404,0.057647705,-0.00065898895,0.029556274,-0.00016963482,0.02633667,0.039978027,-0.02748108,-0.018218994,-0.0060577393,0.00053977966,-0.04736328,0.00655365,0.016616821,-0.04071045,-0.07788086,-0.00023710728,-0.017181396,-0.006164551,-0.07476807,-0.0262146,-0.021850586,-0.026916504,0.01449585,0.0074882507,0.018463135,-0.017974854,-0.045837402,0.0154800415,-0.057373047,0.030883789,0.01991272,-0.008346558,-0.040527344,0.03488159,-0.023605347,-0.01007843,-0.024230957,0.022766113,0.03366089,0.01586914,0.0020446777,-0.022872925,-0.041809082,-0.015235901,-0.045898438,0.023971558,-0.024520874,-0.04321289,0.055999756,0.0043678284,-0.021392822,0.008651733,0.0013332367,0.034942627,-0.030517578,-0.014228821,0.04650879,0.0692749,-0.04107666,0.020889282,-0.021697998,-0.036254883,0.017089844,0.0074882507,-0.03173828,-0.028411865,-0.061065674,-0.02684021,-0.016296387,-0.02772522,-0.007873535,0.05569458,0.0116119385,-0.019348145,-0.045074463,0.04156494,-0.0011606216,0.033843994,-0.08013916,0.00434494,0.029296875,-0.025619507,-0.005382538,-0.015701294,-0.0041618347,-0.024368286,0.015014648,0.010131836,-0.0005168915,0.008880615,0.040527344,0.005580902,0.013313293,-0.008041382,-0.0023593903,0.03463745,-0.022750854,0.015731812,-0.050567627,0.026031494,-0.03942871,0.026641846,-0.02041626,-0.009346008,0.0015029907,0.00843811,0.007762909,0.0023975372,-0.007926941,-0.025970459,-0.040771484,-0.010353088,0.0061454773,0.010498047,-0.01838684,-0.021759033,0.047058105,-0.013542175,0.04650879,-0.010696411,-0.007511139,-0.018127441,0.005947113,-0.019302368,0.015258789,0.0055770874,-0.032043457,0.009414673,0.023040771,-0.0067863464,-0.0034236908,0.0073432922,0.03125,-0.020523071,-0.017181396,-0.040527344,0.012741089,0.06665039,-0.03869629,-0.027679443,0.026229858,-0.053497314,0.019821167,-0.007083893,-0.012069702,0.0057678223,0.029708862,-0.038238525,-0.031707764,0.023620605,-0.017074585,0.0072135925,-0.0131073,0.031341553,-0.028198242,0.037322998,-0.046661377,-0.0030155182,0.049438477,0.04525757,0.008010864,0.043426514,-0.028686523,-0.0054473877,0.00064229965,0.035736084,-0.0047721863,0.038879395,-0.018981934,-0.03213501,-0.0071258545,-0.03289795,-0.005847931,0.0011720657,0.046844482,0.037597656,-0.0129852295,0.0014381409,0.08428955,0.031402588,-0.024734497,0.024124146,-0.021072388,0.012062073,-0.02998352,0.015541077,0.02078247,-0.04156494,0.0025806427,0.056884766,-0.033721924,0.012512207,-0.040252686,-0.0025844574,0.020233154,0.003145218,-0.02784729,0.011184692,0.04748535,0.04550171,-0.02949524,0.0047836304,-0.024642944,-0.0021247864,-0.033447266,-0.011451721,-0.022018433,0.033203125,-0.007434845,-0.017227173,-0.02532959,-0.02017212,0.0113220215,-0.03475952,0.027801514,-0.030685425,0.015457153,-0.015380859,-0.005142212,0.07055664,0.032836914,0.020309448,0.0018444061,-0.005302429,-0.012214661,-0.017852783,0.002128601,0.0037403107,0.017471313,0.068237305,-0.017471313,-0.011451721,0.031433105,0.014839172,-0.05697632,-0.020065308,-0.009895325,0.0055160522,0.008636475,-0.01953125,-0.054626465,0.040222168,-0.0024662018,0.0038871765,-0.031051636,0.023864746,-0.020233154,-0.04473877,0.011054993,0.00015127659,0.015838623,-0.0067481995,0.012382507,-0.019180298,0.012306213,0.015083313,-0.030319214,-0.00422287,-0.05618286,0.030075073,-0.032043457,-0.006225586,0.016998291,-0.052124023,0.014411926,-0.024002075,-0.010673523,0.058441162,0.040893555,-0.034301758,0.0262146,-0.008293152,0.002670288,0.08203125,-0.012191772,0.048736572,0.01474762,-0.032165527,-0.039978027,0.020111084,0.013137817,-0.0076675415,-0.034210205,0.011375427,0.01524353,0.030532837,-0.014007568,0.020721436,0.001876831,-0.0149002075,0.044555664,-0.0027694702,-0.028137207,-0.02897644,0.030563354,-0.0021362305,-0.012184143,-0.0005297661,-0.0040664673,0.0011835098,0.019546509,-0.023406982,0.01260376,-0.010398865,-0.019348145,-0.02015686,0.009010315,0.0064735413,0.017913818,-0.025726318,-0.064575195,-0.014022827,-0.0023040771,-0.026916504,-0.012626648,-0.011619568,0.02319336,0.035461426,-0.013946533,-0.03427124,-0.047424316,0.017227173,0.036376953,-0.008407593,0.0077323914,-0.011756897,0.0088272095,0.018096924,0.009895325,-0.0056419373,-0.02885437,0.029373169,-0.015052795,0.008811951,0.0064926147,0.0035114288,0.00843811,-0.008354187,0.028121948,-0.029922485,-0.03152466,-0.0178833,-0.059326172,-0.020065308,0.01424408,0.025482178,0.061035156,-0.015281677,-0.0007171631,0.007408142,-0.0368042,0.06359863,-0.039093018,-0.026229858,-0.028930664,-0.05105591,0.0052719116,0.0181427,-0.018066406,0.027282715,-0.010444641,-0.01826477,0.036712646,-0.02949524,-0.010154724,0.008354187,0.029418945,-0.0087890625,0.0018749237,-0.02104187,-0.041870117,0.03366089,0.006790161,0.0038604736,-0.003484726,0.01739502,0.005996704,-0.015296936,-0.0017929077,-0.006275177,0.033996582,0.03741455,-0.014450073,-0.021392822,0.052459717,-0.014526367,0.027770996,-0.007610321,-0.009338379,-0.023910522,0.0146484375,0.017700195,0.0001745224,0.0020809174,-0.015838623,0.028259277,-0.030288696,-0.06225586,-0.015838623,-0.009033203,-0.006046295,0.018005371,-0.005420685,0.008224487,0.04724121,0.023132324,0.033203125,-0.014694214,-0.038879395,0.029510498,0.021728516,0.0074768066,0.0023059845,0.010284424,0.0062713623,-0.027267456,-0.0011291504,-0.0049819946,0.00048708916,-0.0058784485,0.011993408,0.03186035,0.042114258,0.04827881,0.015296936,0.015548706,-0.014533997,-0.007499695,-0.018203735,-0.03967285,-0.007671356,0.05041504,0.007621765,-0.032409668,-0.022109985,-0.022262573,-0.002161026,0.03375244,-0.0026226044,-0.007762909,0.037078857,0.00026106834,-0.009223938,-0.010658264,-0.026397705,0.012527466,0.017501831,-0.0015687943,-0.0034103394,0.01701355,-0.020355225,-0.06695557,0.010070801,0.045318604,-0.01902771,0.0007362366,-0.00983429,0.0043907166,-0.007888794,-0.012702942,-0.03793335,0.033691406,-0.013450623,-0.029144287,0.023010254,-0.01713562,-0.041503906,0.057006836,-0.04537964,0.010513306,-0.0043945312,-0.008880615,-0.031982422,0.03753662,-0.008483887,0.023010254,0.04864502,-0.0008993149,0.01689148,0.0069999695,-0.048095703,0.016586304,-0.0011367798,0.02293396,-0.022354126,-0.008460999,0.024780273,-0.03414917,0.051330566,0.03894043,-0.025970459,-0.043670654,0.016464233,-0.008705139,0.048858643,0.0082473755,0.018310547,0.00806427,-0.015701294,0.038848877,0.0005083084,0.023620605,0.016921997,0.06555176,0.004463196,0.008140564,0.0059013367,-0.030853271,-0.014183044,-0.005832672,0.04095459,-0.0035324097,-0.024047852,-0.013511658,0.00051784515,-0.024856567,0.043273926,-0.03274536,0.030395508,-0.021453857,-0.004878998,0.0027599335,0.024475098,-0.016937256,-0.013519287,0.011924744,-0.011398315,-0.0034713745,0.007091522,0.009094238,0.023147583,0.035858154,0.008232117,0.046813965,-0.013076782,0.024765015,-0.04043579,0.016052246,0.008178711,-0.0069389343,0.0032539368,0.023651123,0.05529785,0.028930664,0.019882202,0.0115356445,-0.011871338,-0.02609253,-0.0052108765,-0.0063819885,0.008720398,-0.030517578,-0.009925842,-0.0028438568,-0.0048980713,0.020019531,0.015975952,-0.012626648,-0.015686035,-0.030731201,-0.002960205,0.02671814,0.012870789,-0.0023651123,-0.01612854,-0.022735596,-0.0019083023,0.011749268,-0.037506104,-0.014160156,-0.006061554,-0.0099487305,-0.027267456,-0.022613525,-0.029708862,-0.0060424805,0.028076172,-0.003042221,-0.036010742,0.0009775162,-0.027328491,-0.0234375,0.011253357,-0.025299072,-0.015655518,0.037994385,-0.00033044815,-0.02142334,-0.0075187683,-0.021499634,0.014755249,-0.034698486,0.023422241,0.013847351,0.011306763,-0.018859863,0.058135986,0.0074501038,-0.0079193115,0.018096924,-0.009094238,0.046722412,0.008331299,0.007888794,-0.000685215,1.0848045e-05,0.053894043,-0.042419434,-0.028457642,0.028366089,-0.02268982,0.013755798,-0.011421204,0.015625,0.0061035156,0.028076172,0.0087890625,-0.0033855438,0.019821167,-0.020080566,0.01965332,0.054901123,0.005783081,-0.017440796,-0.016952515,0.025619507,0.004047394,-0.016784668,-0.014709473,-0.004371643,0.0051002502,-0.022567749,0.003704071,-0.016464233,0.0012140274,-0.0069847107,-0.049835205,-0.03213501,0.029464722,0.0065841675,-0.021148682,0.0072364807,-0.030029297,0.015655518,0.024368286,0.0052261353,-0.016189575,0.023620605,-0.011260986,-0.009147644,0.008392334,-0.011512756,-0.0066986084,-0.015258789,0.025650024,-0.02015686,-0.026473999,-0.056030273,-0.002658844,-0.019302368,0.011695862,-0.011161804,0.012298584,-0.008094788,0.03933716,0.022827148,0.02671814,-0.03353882,0.024047852,-0.021194458,-0.0077819824,-0.02067566,0.0042304993,0.024215698,-0.02658081,0.009994507,-0.0129470825,-0.00050640106,0.042663574,-0.015487671,-7.402897e-05,-0.071777344,-0.0131073,0.04663086,0.011260986,-0.0044136047,0.031677246,-0.0019407272,0.004425049,0.02633667,-0.009757996,0.015205383,-0.05050659,0.018737793,-0.006259918,0.006706238,0.002008438,0.021255493,-0.024093628,-0.014083862,0.009101868,0.019470215,0.0043144226,-0.022888184,0.0011816025,0.014373779,-0.0073280334,0.014389038,0.00894928,-0.020721436,-0.023529053,0.046539307,0.0209198,-0.012649536,-0.0054512024,-0.013198853,0.030471802,-0.030929565,-0.012664795,-0.004966736,-0.009208679,0.006629944,-0.04473877,-0.015220642,-0.044311523,0.036254883,0.0012044907,-0.01461792,0.028366089,0.018005371,-0.005973816,-0.002319336,0.038146973,0.009124756,0.0040130615,-0.002035141,0.01689148,-0.051208496,0.019607544,0.034332275,0.015220642,0.004322052,-0.01725769,0.0014429092,0.0049552917,0.0004968643,0.03024292,0.008262634,0.010047913,0.014854431,0.01763916,0.017501831,0.066101074,-8.4638596e-05,0.033447266,-0.046691895,0.03378296,0.014976501,0.015296936,0.053100586,-0.008415222,-0.030532837,0.06555176,-0.035186768,-0.032165527,0.0018138885,0.012123108,0.008659363,0.023239136,0.039398193,0.03781128,-0.005004883,-0.014404297,0.0053215027,-0.019607544,0.0035209656,0.0035572052,-0.02017212,0.005996704,0.009132385,0.031799316,0.02748108,-0.0017776489,-0.002450943,0.03439331,0.0178833,0.047180176,0.051086426,-0.016967773,0.025497437,-0.007698059,-0.03353882,-0.010665894,-0.020309448,-0.037597656,-0.028076172,-0.037109375,-0.0008172989,-0.048095703,-0.020233154,0.013824463,0.04763794,0.010574341,0.016830444,0.015541077,0.008872986,0.029586792,-0.007659912,-0.0013723373,0.022781372,-0.008926392,-0.00033140182,0.014427185,-0.011520386,0.02293396,0.051635742,-0.033599854,0.008682251,-0.02166748,0.0041770935,-0.0066986084,-0.0395813,-0.02670288,-0.032806396,0.010574341,-0.034210205,-0.028335571,0.015930176,-0.0014066696,-0.008056641,-0.013923645,0.006919861,-0.0052337646,-0.011062622,0.003200531,0.00032305717,0.024429321,0.0042533875,0.04006958,0.006504059,-0.009605408,0.0044898987,0.023605347,-0.0014476776,-0.004764557,0.026672363,0.00011110306,0.00983429,-0.021591187,-0.019592285,0.020401001,-0.028457642,0.008430481,0.019363403,0.026779175,0.026641846,0.011642456,-0.0013847351,-0.029418945,0.0017147064,0.014350891,-0.017807007,0.033050537,-0.02961731,-0.015838623,-0.022644043,-0.011024475,0.05899048,0.0062026978,-0.019683838,0.01727295,-0.009605408,-0.013259888,0.000228405,0.0026569366,0.012710571,-0.014282227,0.010665894,0.021743774,0.022506714,0.004085541,-0.0016822815,0.0075302124,0.00016140938,0.0057907104,-0.009284973,-0.01737976,-0.018875122,-0.029388428,0.024383545,-0.0051612854,-0.0034160614,-0.0041656494,0.012367249,-0.014839172,-0.020996094,-0.043182373,0.016998291,0.0082473755,0.024749756,-0.01550293,0.0034389496,-0.016036987,0.025619507,-0.009895325,-0.027893066,0.0002156496,-0.011383057,-0.001373291,-0.0010442734,-0.017944336,-0.0002541542,-0.022583008,-0.009399414,0.012451172,-0.02267456,-0.019332886,0.000995636,-0.024780273,-0.002357483,0.024734497,-0.022140503,0.015853882,-0.0018415451,-0.035369873,-0.013008118,-0.013679504,-0.0017080307,0.08093262,0.010765076,0.024749756,0.016235352,0.040222168,0.0044174194,0.00894165,0.017242432,0.016021729,-0.012924194,-0.039398193,-0.0132751465,0.015525818,-0.018798828,0.013542175,0.0119018555,0.0059928894,-0.0022583008,0.022140503,0.017501831,0.011962891,-0.04675293,-0.009605408,0.0014514923,-0.007949829,0.011962891,0.031036377,0.017700195,-0.014533997,-0.02204895,0.008972168,-0.0074043274,0.03994751,0.01033783,-0.0501709,0.011558533,0.04171753,-0.029876709,0.007286072,0.041259766,-0.0058784485,0.018127441,0.011772156,-0.0029296875,0.028198242,-0.029632568,-0.02999878,-0.027893066,-0.009346008,0.038848877,-0.038970947,0.019943237,0.008583069,-0.0076522827,0.020385742,-0.016174316,0.00084638596,-0.0154418945,0.024368286,0.01612854,-0.0027694702,-0.012428284,0.012054443,-0.0345459,0.0035934448,-0.0043296814,-0.00041532516,-0.0038337708,0.0115737915,-0.010902405,-0.028808594,0.011550903,-0.0063934326,0.019577026,-0.023345947,-0.004055023,-0.010848999,-0.04196167,0.00055742264,0.01876831,0.0074882507,-0.0022182465,-0.00868988,0.031677246,-0.03378296,-0.028686523,-0.020187378,-0.028701782,0.031555176,-0.0014333725,-0.0019874573,0.03100586,0.060150146,0.009536743,-0.013313293,-0.0072364807,0.00093221664,0.030792236,-0.0026130676,0.0048217773,0.04449463,-0.022979736,-0.012123108,0.023132324,-0.011245728,-0.009063721,-0.020492554,0.013885498,0.0009717941,-0.010566711,0.014083862,-0.017807007,0.010223389,-0.0413208,0.00819397,0.0059127808,-0.008605957,-0.013618469,0.026031494,-0.0014572144,0.00894165,-0.0015516281,-0.022613525,-0.036010742,0.0037708282,0.006462097,0.01499176,0.0038719177,-0.021209717,0.03366089,0.009803772,0.028015137,0.017837524,0.015670776,0.00021374226,0.01020813,-0.0039596558,-0.012771606,0.03024292,-0.004299164,-0.002281189,0.012008667,0.0034313202,0.0018920898,-0.01096344,0.0079193115,-0.023803711,-0.0009217262,0.025222778,-0.048950195,0.005367279,0.008575439,0.011932373,0.031677246,-0.0026226044,-0.037231445,-9.739399e-05,-0.03164673,-0.03463745,0.03463745,0.032073975,0.00047564507,-0.012161255,-0.012825012,-0.007621765,0.019180298,-0.009231567,0.04977417,0.02130127,-0.013298035,-0.059814453,-0.016860962,-0.009124756,0.01461792,0.0014705658,0.031921387,-0.018554688,0.01889038,-0.040161133,0.003107071,-0.022857666,-0.010520935,-0.037750244,-0.00047516823,0.0069007874,0.0019245148,0.012519836,0.00522995,-0.0053100586,-0.0029735565,0.012969971,-0.01876831,0.0077209473,0.012306213,0.06964111,-0.003850937,-0.034088135,0.04638672,-0.015640259,0.030151367,-0.002790451,-0.0058135986,-0.04006958,0.00868988,-0.02772522,0.032684326,-0.013656616,0.011978149,-0.011581421,-0.020523071,-0.0067863464,0.011505127,0.019256592,0.019592285,-8.940697e-07,0.0075416565,-0.0184021,-0.009208679,-0.0016469955,-0.019226074,-0.03527832,0.03768921,0.009536743,-0.0061950684,0.024047852,-0.024368286,0.028457642,0.018295288,-0.009689331,-0.028076172,0.014228821,-0.011207581,-0.01486969,-0.008682251,-0.0118637085,0.008476257,-0.0115356445,0.04574585,-0.042419434,-0.0071144104,0.029342651,-0.011878967,-0.013694763,0.008079529,0.005680084,-0.006111145,0.03540039,-0.006816864,-0.050079346,0.00970459,-0.00015091896,-0.036254883,0.021347046,-0.051208496,0.05911255,0.033813477,-0.021560669,-0.034057617,-0.0008029938,-0.017608643,0.01008606,-0.008285522,-0.012367249,0.014572144,0.031585693,-0.003686905,0.0063934326,-0.032043457,-0.0078048706,-0.022521973,0.016815186,-0.023513794,0.017501831,-0.023040771,0.006790161,0.017990112,0.0073432922,-0.038879395,0.004940033,-0.002117157,-0.029190063,0.04232788,-0.0050697327,-0.041259766,-0.01134491,-0.025848389,0.031982422,0.0024299622,-0.019424438,0.0067977905,0.010795593,-0.03894043,-0.03378296,-0.0362854,0.038208008,-0.012214661,-0.008117676,-0.026794434,-0.00034618378,-0.011489868,0.0005264282,-0.007610321,0.011177063,0.0038642883,-0.007171631,-0.0289917,-0.0047416687,-0.0005836487,-0.012306213,-0.009788513,-0.034698486,0.00023472309,-0.009750366,0.013900757,-0.021377563,-0.006099701,-0.0075187683,0.026016235,0.026397705,0.007865906,0.018249512,-0.017990112,0.01171875,-0.014228821,0.024490356,-0.036254883,-0.029144287,-0.004360199,-0.008323669,-0.00040841103,0.0013589859,0.027938843,-0.03262329,-0.031341553,-0.005924225,-0.038482666,0.014350891,-0.0024261475,0.012870789,-0.031280518,0.004058838,-0.016845703,-0.015220642,0.022354126,0.018493652,0.0043640137,0.016448975,-0.010421753,0.014007568,5.9962273e-05,0.009117126,0.0040283203,0.031036377,0.00058460236,0.017578125,0.015159607,0.02180481,0.018615723,0.060577393,0.020751953,0.0065460205,0.0007791519,0.00022733212,0.04260254,-0.0015192032,0.020004272,-0.026138306,-0.025543213,0.011505127,0.017501831,0.002117157,-0.0034103394,-0.014328003,0.04537964,-0.0047302246,-0.021392822,0.0038547516,0.00018548965,0.014961243,-0.002752304,0.025177002,-0.011459351,-0.012275696,0.0021781921,0.0023765564,0.01902771,-0.006313324,-0.025405884,-0.0038204193]"
af4ae731a8e5403baebd1c058b583f9d5ccd24fb#0,af4ae731a8e5403baebd1c058b583f9d5ccd24fb,0,3494526716b66d63548bb66bd3b4f874952e7e8cc15c2d88849255c4623152b1,"# Study and training loan repayment thresholds and rates

These repayment thresholds and rates apply to all study and training support loans, including:

- Higher Education Loan Program (HELP)
- VET Student Loan (VSL)
- Student Financial Supplement Scheme (SFSS)
- Student Start-up Loan (SSL)
- ABSTUDY Student Start-up Loan
- Australian Apprenticeship Support Loan (AASL)

You begin making compulsory repayments when your repayment income is above the minimum repayment threshold for that income year. Compulsory repayments are made through your tax return.","{""Study and training loan repayment thresholds and rates""}",Study and training loan repayment thresholds and rates,https://www.ato.gov.au/tax-rates-and-codes/study-and-training-support-loans-rates-and-repayment-thresholds,tax-rates-and-codes,,,"{2024-25,2025-26}",1,active,,2026-09-29 03:59:56.331109+00,"# Study and training loan repayment thresholds and rates

These repayment thresholds and rates apply to all study and training support loans, including:

- Higher Education Loan Program (HELP)
- VET Student Loan (VSL)
- Student Financial Supplement Scheme (SFSS)
- Student Start-up Loan (SSL)
- ABSTUDY Student Start-up Loan
- Australian Apprenticeship Support Loan (AASL)

You begin making compulsory repayments when your repayment income is above the minimum repayment threshold for that income year. Compulsory repayments are made through your tax return.","[-0.031173706,0.0152282715,0.05822754,0.0044898987,-0.024810791,0.032836914,0.010124207,0.00045323372,-0.02255249,-0.014419556,0.0033302307,-0.02079773,-0.017059326,0.02029419,0.012313843,-0.026855469,-0.0023174286,0.024993896,-0.022720337,0.08178711,0.03591919,0.00092220306,-0.028793335,0.02557373,0.006175995,-0.011627197,0.019714355,-0.03805542,-0.025390625,0.012207031,0.0112838745,-0.01499939,-0.05014038,0.016464233,-0.024047852,0.014297485,-0.030883789,-0.021621704,0.01071167,-0.0287323,-0.010307312,0.041046143,0.00995636,0.016418457,-0.044677734,0.017913818,-0.030258179,-0.051116943,-0.029678345,0.056488037,-0.018157959,-0.005607605,0.01058197,0.03475952,-0.025604248,0.00068616867,0.01876831,-0.003698349,-0.024307251,-0.059906006,0.028778076,0.07141113,-0.01689148,0.0007586479,-0.0023765564,0.010047913,-0.010177612,0.03665161,-0.013214111,-0.055541992,0.0062789917,-0.028198242,0.025344849,-0.032440186,-0.007965088,-0.0025672913,0.0076026917,0.032928467,0.0027542114,0.017486572,0.015449524,-0.019073486,0.005722046,0.020965576,0.0014514923,0.015220642,-0.033935547,-0.0050354004,-0.019515991,-0.06695557,0.0335083,-0.0546875,-0.043792725,0.024978638,0.065979004,-0.035583496,0.005924225,-0.054626465,-0.002565384,0.0041885376,0.007019043,-0.0070877075,-0.006919861,-0.048095703,0.057647705,0.019683838,-0.053833008,-0.014015198,0.0049552917,-0.03665161,-0.037628174,0.0034694672,0.00086450577,-0.0012722015,0.05392456,-0.018081665,-0.087890625,-0.019546509,0.0052948,-0.025146484,0.010971069,0.027893066,-0.007408142,-0.00037550926,0.04663086,0.04537964,-0.028793335,0.05142212,-0.046722412,-0.053741455,-0.01966858,0.0017518997,0.012023926,-0.013320923,-0.0038890839,-0.0035686493,0.025238037,0.003692627,0.02041626,-0.05227661,0.030136108,0.044036865,0.0073280334,0.038909912,-0.0067367554,0.0084991455,-0.03540039,-0.017181396,-0.024368286,-0.021514893,-0.019546509,0.026062012,-0.039489746,0.027526855,-0.009361267,-0.0038394928,-0.022781372,0.06329346,0.004142761,0.060699463,-0.042419434,0.0011730194,0.029953003,0.031280518,-0.045684814,0.008460999,0.008514404,-0.0592041,-0.06524658,-0.026687622,0.027816772,-0.015304565,0.0017843246,-0.049957275,0.005744934,-0.037353516,0.033203125,-0.0033035278,-0.008674622,0.008811951,0.018997192,-0.032928467,0.00094127655,-0.02128601,-0.022216797,-0.010498047,-0.043823242,-0.011001587,0.013832092,0.03552246,0.033996582,-0.046051025,-0.0024471283,0.002374649,-0.002336502,0.0019216537,-0.023895264,0.02909851,-0.019638062,-0.04510498,0.006023407,-0.013168335,0.0050849915,0.021621704,-0.016433716,-0.027709961,-0.026138306,0.061584473,0.04562378,0.02999878,0.03665161,-0.0059432983,-0.009933472,0.01751709,-0.029586792,0.044921875,-0.029022217,-0.028167725,0.018554688,0.01524353,0.036071777,-0.06567383,0.039123535,0.04345703,0.0061912537,-0.0064926147,0.020935059,0.046661377,0.005264282,-0.055786133,-0.0037765503,-0.028244019,-0.010559082,-0.019424438,-0.0029067993,-0.015380859,-0.049987793,0.0015926361,-0.027572632,-0.03604126,-0.011276245,0.04067993,0.002822876,0.036376953,0.0149383545,-0.010482788,-0.006893158,-0.049316406,0.0345459,0.026016235,0.005432129,-0.013771057,0.03894043,-0.0067825317,-0.029022217,-0.06262207,0.029815674,0.0362854,0.007827759,-0.031311035,0.013839722,-0.004623413,-0.013168335,-0.006996155,-0.010757446,0.04269409,-0.015945435,0.013504028,-0.0053138733,0.024749756,0.042510986,0.03451538,0.040496826,0.001121521,0.019546509,0.015037537,0.06384277,0.02796936,0.06222534,0.033050537,-0.047790527,0.013412476,0.013900757,0.012756348,-0.013725281,0.008903503,-0.026870728,-0.02116394,-0.023513794,-0.0020179749,-0.021072388,-0.0036582947,0.024490356,-0.051483154,0.047607422,0.028244019,-0.0066604614,-0.035308838,-0.0033569336,0.0061683655,-0.0028247833,0.06573486,-0.021255493,0.025558472,-0.021102905,-0.0014734268,0.04650879,-0.013389587,-0.05014038,0.0021839142,0.023086548,0.030975342,-0.0065574646,0.0037212372,0.022583008,0.015930176,-0.03781128,-0.019226074,0.035980225,-0.045776367,-0.0066337585,-0.0079956055,0.024169922,0.048828125,0.0132751465,0.0017156601,0.012084961,0.013702393,-0.049713135,-0.014732361,0.007965088,-0.023330688,0.009132385,-0.012535095,-0.0034255981,0.0625,0.021881104,-0.008323669,0.017150879,0.0158844,-0.09423828,-0.020370483,0.011100769,0.008056641,-0.008407593,0.0345459,-0.023864746,-0.029785156,0.010437012,0.06365967,0.0068626404,-0.016052246,0.0050239563,-0.03677368,-0.0085372925,0.02571106,0.048339844,-0.06451416,-0.003376007,0.033416748,-0.036865234,0.046447754,-0.03253174,0.006504059,0.03012085,0.039001465,-0.033569336,-0.028198242,0.030258179,-0.024490356,0.014595032,-0.013725281,0.009689331,0.007881165,0.016036987,-0.045776367,0.008666992,0.02230835,0.024261475,-0.011421204,0.05392456,-0.01612854,0.0024471283,0.023651123,0.03982544,0.039489746,0.026870728,0.0068855286,0.04675293,0.003604889,-0.01852417,0.036102295,0.0046424866,0.03717041,0.028305054,-0.003955841,-0.018493652,0.10296631,0.00349617,-0.01838684,-0.008834839,0.0016479492,-0.016433716,-0.013496399,0.016967773,0.02520752,-0.014511108,-0.011955261,0.043518066,-0.005176544,0.024810791,-0.021881104,0.010810852,-0.03048706,0.014411926,-0.00868988,-0.00047373772,0.040008545,-0.0154953,-0.019134521,-0.0048103333,-0.05102539,-0.044799805,-0.04550171,0.036499023,0.012580872,-0.00017237663,-0.012138367,-0.06536865,0.019241333,-0.007019043,0.033599854,0.007171631,-0.021575928,-0.024230957,-0.036468506,0.019195557,-0.024490356,0.072143555,0.0005788803,0.049957275,0.0015497208,-0.01637268,-0.045288086,-0.032409668,0.023773193,-0.038879395,-0.0056877136,0.0037269592,0.016845703,-0.034362793,0.056030273,0.05505371,-0.026687622,0.014389038,-0.064453125,-0.0047798157,-0.044525146,0.02230835,0.023132324,0.04647827,0.009140015,0.015014648,-0.019989014,0.02998352,0.016418457,0.005935669,0.030181885,0.00522995,0.0027809143,-0.0143966675,-0.016616821,0.011871338,0.011482239,-0.0021076202,0.012901306,-0.02470398,-0.03805542,0.05419922,-0.011154175,-0.04107666,-0.00447464,-0.05657959,-0.022384644,-0.003627777,0.06451416,0.02330017,-0.01424408,-0.045684814,0.0026874542,0.004360199,-0.0028648376,0.026138306,-0.010124207,0.0027256012,-0.012802124,-0.0124435425,0.0031852722,-0.009361267,0.017440796,-0.00068092346,-0.0037956238,0.044525146,0.014595032,0.028289795,0.00078487396,-0.03643799,-0.008163452,-0.024536133,0.044647217,-0.027450562,0.009979248,0.01184845,0.022140503,-0.01398468,0.052124023,0.0019311905,0.041015625,0.00047707558,-0.006427765,-2.7239323e-05,0.025115967,0.013381958,-0.029022217,-0.021728516,-0.021835327,0.0017204285,-0.002363205,-0.020004272,-0.041381836,0.0019836426,0.000374794,-0.019241333,-0.0041656494,-0.041412354,-0.010223389,0.0209198,-0.010673523,-0.028686523,-0.040405273,0.0006160736,0.02204895,0.015396118,-0.0043754578,0.029785156,0.026046753,0.027755737,-0.017944336,-0.013717651,-0.02935791,0.001947403,0.0011005402,0.05532837,0.025527954,0.02017212,0.016998291,-0.033111572,0.0020828247,-0.007396698,-0.032806396,-0.02154541,-0.018951416,-0.029586792,-0.013267517,0.0017328262,0.026412964,-0.028167725,-0.04083252,0.001127243,0.003396988,0.012313843,0.0016536713,-0.0023517609,-0.045898438,-0.03753662,-0.015327454,0.014572144,0.008743286,0.044067383,-0.014259338,-0.01876831,0.0018520355,0.017105103,-0.009887695,-0.032440186,0.03829956,-0.042541504,0.023910522,-0.0154418945,0.0008716583,0.039001465,0.008758545,-0.0017566681,0.01838684,0.010307312,-0.020355225,-0.016647339,0.026153564,-0.031036377,0.0033454895,0.0026626587,-0.010292053,0.014503479,0.02418518,-0.02835083,0.0001885891,-0.023254395,-0.049041748,-0.011909485,0.03274536,0.02407837,-0.004337311,-0.017471313,0.026473999,-0.0019874573,-0.016784668,-0.0071411133,-0.0075912476,-0.026992798,0.047210693,0.0046806335,-0.014701843,-0.004989624,0.04031372,0.045959473,-0.0138549805,-0.02519226,-0.01776123,0.0023002625,0.012176514,-0.0037765503,0.04083252,0.023361206,-0.07287598,-0.015274048,0.006477356,0.0067367554,-0.00062704086,0.03137207,-0.0026798248,-0.008735657,0.021255493,0.0625,-0.013763428,0.05267334,0.009048462,-0.024261475,-0.018798828,-0.01222229,-0.020645142,0.014701843,0.006752014,-0.002784729,-0.0014209747,0.0030670166,-0.02835083,-0.021118164,-0.035125732,0.012451172,0.01928711,7.1406364e-05,0.0066719055,0.024307251,-0.015083313,0.02658081,-0.024093628,-0.02772522,0.022659302,0.06036377,-0.035736084,-0.08026123,0.0078048706,0.011077881,0.005859375,-0.018875122,-0.03677368,0.012237549,-0.019302368,-0.011672974,0.013519287,-0.008392334,0.0014734268,-0.047821045,-0.0013618469,-0.023864746,-0.021835327,-0.020874023,-0.031173706,0.05050659,0.008361816,0.025650024,-0.031021118,0.021118164,-0.0029392242,0.0061683655,0.028961182,-0.04647827,0.03225708,-0.0027179718,-0.025558472,0.0030517578,-0.019622803,0.021316528,-0.039978027,-0.053253174,0.005065918,-0.038482666,0.002040863,0.012329102,-0.0062713623,0.0011873245,0.002538681,0.0012388229,0.040649414,0.014015198,0.022766113,0.02557373,-0.035736084,0.0135269165,0.007987976,0.0028915405,0.01626587,0.03933716,-0.008224487,0.006969452,-0.009147644,-0.014549255,0.010246277,-0.018341064,0.005710602,0.04925537,-0.005180359,-0.02784729,-0.005054474,0.01574707,0.020690918,-0.019302368,-0.0016851425,-0.01890564,-0.012893677,0.015853882,0.005241394,0.036376953,0.050231934,0.01537323,0.017822266,-0.005203247,0.027618408,0.032043457,-0.0135269165,0.024765015,0.007129669,0.062927246,-0.0068626404,0.02708435,-0.04156494,-0.0062675476,0.0063667297,-0.034820557,-0.013427734,-0.0021514893,0.02142334,0.024490356,-0.00035476685,0.024719238,0.0121154785,-0.044708252,-0.0027770996,0.048095703,0.014778137,-0.008163452,-0.0025310516,-0.02331543,0.045318604,-0.0032253265,0.01651001,-0.021377563,-0.008712769,-0.024353027,-0.015083313,-0.029327393,-0.012237549,0.011161804,-0.00178051,-0.058654785,-0.008529663,-0.028259277,-0.014343262,-0.0030651093,-0.018951416,-0.0022468567,-0.032989502,0.0006928444,-0.05065918,-0.00010704994,0.00415802,-0.003250122,-0.044952393,-0.025619507,-0.0025749207,0.012374878,0.018814087,0.017410278,-0.010383606,0.018432617,0.009429932,-0.0059013367,-0.01335907,0.01071167,0.009506226,-0.027145386,0.019088745,-0.012786865,0.015563965,0.014190674,0.013496399,0.011886597,0.027252197,-0.0107803345,-0.01398468,0.049682617,-0.004261017,-0.019180298,0.014167786,-0.008422852,0.01789856,0.023910522,0.010894775,0.034973145,0.007511139,0.023406982,0.021728516,-0.0070610046,-0.016647339,0.07269287,0.01197052,-0.0071640015,0.02911377,-0.004760742,0.042419434,0.011299133,0.016998291,-0.010063171,-0.033203125,0.029006958,0.025909424,-0.0048599243,-0.0023269653,0.008979797,0.03451538,0.012359619,0.016601562,-0.032836914,-0.006580353,-0.002401352,-0.034423828,-0.0012397766,0.008956909,-0.01977539,0.002216339,-0.013473511,-0.012664795,0.015426636,-0.007587433,0.0158844,0.00053071976,-0.0005645752,-0.010391235,0.006839752,-0.032989502,0.013214111,0.0069084167,-0.01008606,-0.049438477,-0.007911682,-0.004383087,-0.025558472,0.070373535,0.006412506,0.020217896,0.026229858,0.019561768,0.020706177,0.008613586,0.0154418945,0.05142212,0.0013227463,0.003873825,-0.005886078,-0.018692017,-0.005077362,0.022750854,0.034210205,0.010627747,0.008628845,0.009735107,-0.0055351257,0.0046195984,-0.00061655045,-0.012290955,-0.0047569275,0.014511108,0.011672974,0.03994751,0.029541016,0.0046920776,-0.023605347,0.02067566,-0.010765076,0.050964355,-0.00881958,-0.021484375,-0.034179688,0.0116119385,0.054107666,-0.003211975,0.016326904,-0.00053977966,0.021530151,-0.047729492,0.02722168,-0.0287323,-0.039611816,0.007446289,0.01991272,-0.0018043518,0.050323486,0.019470215,0.019256592,-0.028244019,0.0116119385,-0.0067253113,0.02178955,0.021148682,0.004714966,0.053985596,-0.039855957,0.0069503784,0.0026683807,-0.023345947,0.016174316,0.0042762756,-0.030944824,-0.011177063,0.025604248,0.024124146,0.0069618225,0.005695343,-0.00541687,-0.06677246,-0.008636475,-0.007663727,-0.029785156,-0.015472412,-0.0025939941,0.029541016,-0.067993164,0.002565384,0.017852783,-0.04067993,0.014892578,-0.01499176,-0.001493454,-0.022735596,0.01928711,0.03265381,-0.0010490417,-0.00409317,-0.006412506,0.0027885437,0.01928711,0.05996704,-0.029464722,0.015640259,0.01146698,0.015136719,-0.0012693405,0.028396606,0.00082683563,0.02519226,-0.03463745,0.033447266,-0.02859497,-0.030548096,-0.022079468,0.031280518,-0.014373779,0.0024776459,-0.0002323389,0.04824829,0.0056037903,-0.03704834,-0.015106201,-0.052856445,0.0064353943,-0.0018053055,-0.017486572,-0.03668213,0.003698349,0.015563965,0.041229248,0.013069153,-0.022521973,0.02658081,-0.0059318542,0.05203247,0.046173096,-0.003358841,-0.013114929,-0.008110046,-0.01914978,0.006580353,0.010932922,-0.0048217773,-0.029693604,-0.059295654,0.02130127,-0.033477783,-7.6293945e-05,0.0006599426,-0.017105103,0.018203735,0.022537231,0.0013360977,-0.015533447,0.030441284,0.014274597,-0.016311646,0.027313232,0.0006375313,0.020523071,-0.01878357,-0.03302002,0.016281128,0.029464722,-0.013633728,-0.02104187,0.007896423,0.0019388199,-0.016433716,-0.010116577,-0.00023365021,0.0034923553,0.003921509,-0.028244019,0.007949829,0.016815186,0.0038433075,0.0011844635,0.0063705444,0.015701294,-0.011276245,-0.02784729,0.016403198,0.005432129,0.043029785,0.030410767,-0.005508423,0.018600464,-0.0015115738,0.019577026,-0.011329651,0.005302429,-0.015777588,0.05038452,-0.027435303,0.01663208,-0.0046463013,-0.02281189,-0.012878418,0.007129669,-0.046722412,0.020492554,0.018859863,-0.023498535,0.025604248,0.008255005,-0.01158905,-0.016708374,0.030395508,-0.0132751465,0.012901306,-0.021575928,0.021209717,-0.018829346,-0.030975342,0.02998352,0.020004272,-0.008613586,-0.006904602,0.02154541,-0.00076293945,-0.020217896,0.025146484,0.011550903,-0.0057678223,0.020736694,0.027542114,0.0044822693,0.00881958,-0.022979736,0.012397766,-0.0390625,0.042022705,-0.023208618,-0.04147339,-0.0317688,0.02960205,0.03186035,-0.025909424,-0.0066184998,-0.040924072,0.008033752,0.004459381,-0.039398193,-0.016799927,0.006000519,-0.0032958984,-0.0018348694,-0.009666443,0.005332947,-0.048187256,-0.014549255,0.005558014,-0.0039978027,0.020401001,0.008277893,-0.010246277,0.032958984,-0.014953613,0.022369385,-0.033325195,0.0033397675,0.016601562,-0.016983032,0.0058021545,-0.0018548965,-0.018707275,-0.02154541,0.010368347,-0.025482178,0.023468018,-0.0012836456,-0.012397766,-0.0030403137,-0.013343811,-0.0013217926,0.053009033,0.030303955,-0.004558563,-0.004272461,0.036193848,-0.013923645,-0.003435135,-0.00674057,-0.012763977,-0.0015678406,0.014724731,0.019165039,0.008659363,0.031433105,-0.0026836395,0.014259338,0.017791748,0.010169983,0.032440186,0.009979248,-0.031433105,-0.004600525,-0.0013580322,-0.0017662048,-0.030883789,-0.0013513565,-0.021865845,0.049041748,0.032806396,-0.010871887,0.031585693,-0.004058838,0.023895264,-0.00907135,-0.0440979,-0.02671814,-0.016174316,-0.02456665,0.0010166168,0.034088135,-0.0009431839,-0.0025405884,0.027877808,0.03427124,0.0047035217,-0.016799927,0.01751709,0.029556274,0.0076141357,0.027816772,-0.036346436,-0.026641846,0.019973755,-0.011253357,0.01751709,-0.02067566,-0.0066719055,-0.0070381165,0.007019043,-0.025665283,-0.01651001,-0.03640747,-0.019119263,-0.0071411133,-0.003232956,0.036102295,-0.021102905,0.026138306,-0.014457703,-0.012580872,0.018600464,-0.01386261,-0.0059318542,0.0071105957,0.0062332153,0.016677856,0.024978638,0.002298355,-0.03074646,-0.00995636,0.01687622,-0.00072574615,0.014122009,0.02520752,-0.015350342,-0.0032577515,-0.035308838,0.031204224,-0.002166748,-0.045562744,-0.027938843,0.0022468567,0.059661865,0.020629883,0.0032520294,0.00064611435,-0.012306213,0.008628845,-0.010910034,0.009475708,0.006919861,-0.008270264,-0.0068130493,0.010726929,-0.026626587,-0.025527954,-0.007701874,0.014060974,0.006198883,-0.004508972,-0.008529663,-0.009811401,-0.010375977,-0.04650879,0.05343628,0.0041275024,-0.03378296,-0.008094788,0.02734375,0.0024738312,0.015975952,-0.016860962,-0.007736206,0.0013303757,-0.03265381,-0.015106201,0.029281616,0.028167725,0.00566864,0.035461426,0.0043563843,0.0068130493,0.0028877258,0.02671814,-0.017730713,0.014572144,-0.0030002594,-0.019332886,0.0015592575,-0.012130737,-0.0138168335,-0.009277344,-0.0072402954,0.012786865,-0.008003235,-0.030944824,-0.027923584,0.012741089,0.006465912,-0.020324707,0.026824951,0.006511688,-0.0069618225,0.012825012,0.022079468,-0.022903442,0.0064811707,0.01260376,-0.013702393,0.00970459,0.03982544,0.0035591125,-0.040740967,0.020126343,0.032836914,6.3180923e-06,-0.0076026917,0.0010280609,0.019866943,0.016189575,-0.037231445,-0.031082153,-0.018997192,-0.026473999,-0.012939453,-0.015731812,0.0077705383,0.010292053,-0.0041885376,-0.003484726,-0.039001465,-0.0362854,-0.02999878,-0.0065841675,-0.011276245,0.0096588135,-0.044403076,-0.00040721893,0.012878418,0.014007568,0.035125732,0.00806427,0.013298035,-0.004497528,0.044830322,-0.0056762695,0.020721436,-0.011993408,0.009216309,0.031677246,0.037139893,-0.0074691772,-0.03552246,-0.0055999756,-0.017547607,0.036315918,-0.047210693,-0.0009036064,-0.03656006,0.015380859,0.01927185,0.013473511,-0.04107666,0.03475952,0.032348633,0.02015686,0.0033035278,-0.013938904,0.01474762,-0.021987915,-0.015533447,0.022613525,0.04284668,0.004047394,0.014778137,0.002609253,0.015396118,-0.026824951,-0.010253906,-0.0051612854,-0.012207031,-0.04232788,-0.021072388,-0.007633209,0.0014333725,0.04232788,-0.01071167,0.029678345,-0.014663696,-0.0103302,0.008102417,0.0037002563,-0.037139893,0.015655518,-0.008361816,-0.016952515,0.055511475,0.036102295,-0.03744507,-0.008178711,0.024795532,-0.027877808,0.02029419,-0.00907135,0.015220642,-0.048797607,-0.025970459,0.0012950897,0.0061912537,-0.027175903,0.042816162,0.0012683868,-0.0013399124,0.035705566,0.023483276,0.004714966,-0.0019931793,-0.016845703,-0.00844574,0.002527237,0.0026054382,-0.032043457,0.010604858,-0.0030879974,-0.059387207,0.0463562,0.02192688,0.028793335,0.06329346,-0.0049552917,-0.0018291473,0.024169922,-0.004966736,-0.04260254,-0.007507324,-0.0034542084,0.027877808,0.018356323,0.020721436,0.036499023,0.010543823,0.008407593,0.0051116943,-0.02166748,0.006023407,-0.022125244,0.020385742,-0.016708374,-0.005542755,0.016830444,0.013885498,-0.023025513,0.042541504,-0.00087833405,0.015068054,-0.007686615,0.020217896,0.02154541,-0.016143799,-0.01676941,-0.030441284,0.012832642,-0.028701782,0.028564453,-0.0022659302,-0.0135650635,-0.018615723,0.002281189,0.0046920776,-0.0029087067,0.022323608,0.01727295,0.030670166,-0.03375244,0.0236969,-0.0034656525,-0.064208984,0.021133423,-0.024490356,-0.036865234,0.00019276142,0.020843506,0.0017986298,0.013473511,0.007987976,0.028259277,0.0181427,-0.014503479,0.010093689,-0.016921997,-0.002105713,-0.0005879402,-0.019241333,0.010627747,0.0032138824,0.016494751,-0.006538391,0.013076782,-0.016159058,-0.019424438,-0.0025959015,0.017929077,-0.0023059845,-0.0039596558,-0.0010442734,-0.003868103,0.011230469,0.021194458,0.020248413,-0.022644043,-0.008483887,0.025787354,-0.015716553,0.05871582,0.012130737,0.017913818,-0.026809692,-0.041046143,0.0015611649,0.0073394775,-0.0046653748,-0.010055542,-0.0015697479,0.018508911,0.034729004,0.02230835,0.0070381165,0.06317139,0.0025482178,-0.011482239,-0.015655518,-0.013298035,0.055541992,-0.013748169,0.007511139,0.00945282,-0.0064697266,-0.00033140182,-0.007709503]"
af4ae731a8e5403baebd1c058b583f9d5ccd24fb#1,af4ae731a8e5403baebd1c058b583f9d5ccd24fb,1,fb0c652b7f597542e890f679a114c3de8f40b9ac4d60bd9fe9581b1c450aa951,"## Repayment thresholds and rates 2025–26

From the 2025–26 income year, compulsory repayments are calculated using **marginal rates**. This means the repayment is calculated only on the income above the minimum threshold, rather than on your total repayment income.

The minimum repayment income threshold for 2025–26 is **$67,000**.

| Repayment income | Repayment |
| --- | --- |
| $0 – $67,000 | Nil |
| $67,001 – $125,000 | 15c for each $1 over $67,000 |
| $125,001 – $179,285 | $8,700 plus 17c for each $1 over $125,000 |
| $179,286 and over | 10% of total repayment income |","{""Study and training loan repayment thresholds and rates"",""Repayment thresholds and rates 2025–26""}",Study and training loan repayment thresholds and rates,https://www.ato.gov.au/tax-rates-and-codes/study-and-training-support-loans-rates-and-repayment-thresholds,tax-rates-and-codes,,,"{2024-25,2025-26}",1,active,,2026-09-29 03:59:56.332184+00,"## Repayment thresholds and rates 2025–26

From the 2025–26 income year, compulsory repayments are calculated using **marginal rates**. This means the repayment is calculated only on the income above the minimum threshold, rather than on your total repayment income.

The minimum repayment income threshold for 2025–26 is **$67,000**.

| Repayment income | Repayment |
| --- | --- |
| $0 – $67,000 | Nil |
| $67,001 – $125,000 | 15c for each $1 over $67,000 |
| $125,001 – $179,285 | $8,700 plus 17c for each $1 over $125,000 |
| $179,286 and over | 10% of total repayment income |","[-0.0035629272,0.020507812,0.078125,0.03515625,-0.032165527,0.03768921,0.015197754,0.022766113,-0.01965332,-0.035247803,0.001950264,-0.02671814,-0.013015747,0.009483337,0.022888184,-0.0063285828,0.025939941,0.0069274902,-0.06317139,0.047821045,0.02798462,0.031463623,0.018539429,0.01826477,0.0143585205,-0.00033712387,-0.026794434,-0.030136108,-0.01612854,0.0054740906,0.011489868,-0.011802673,-0.026565552,0.011199951,-0.014381409,-0.01499176,-0.024169922,-0.013259888,0.009407043,-0.0072364807,-0.031341553,0.040100098,-0.020187378,0.015838623,-0.05505371,0.026626587,-0.008895874,-0.07354736,-0.021865845,0.046661377,-0.0103302,0.021194458,0.03604126,0.02848816,-0.041809082,0.0024032593,-0.026397705,0.015197754,0.01361084,-0.07696533,0.046173096,0.031433105,-0.018508911,-0.0032844543,0.019607544,0.02218628,0.014030457,0.045043945,0.02418518,-0.0104599,-0.010063171,0.003030777,0.03488159,-0.04727173,-0.011146545,0.009712219,-0.017196655,0.014343262,-0.012413025,-0.012290955,0.027236938,-0.0340271,0.009048462,-0.006790161,0.024093628,0.028533936,-0.0013828278,-0.007774353,-0.020477295,-0.02796936,-0.016540527,-0.041107178,-0.053253174,0.01600647,0.027008057,-0.043823242,-0.0015411377,-0.00995636,0.009208679,0.00459671,-0.0050354004,0.012008667,0.022338867,-0.03982544,0.05731201,0.02406311,-0.04611206,-0.007980347,-0.012123108,-0.019363403,0.010887146,0.016784668,-0.036254883,0.009063721,0.016143799,-0.009643555,-0.07489014,0.011054993,-0.0059661865,-0.016311646,0.00447464,-0.01928711,-0.014915466,-0.008277893,0.041931152,0.006614685,-0.024169922,0.04067993,-0.07739258,-0.04611206,-0.012001038,0.015388489,0.01612854,0.0071792603,-0.036590576,-0.00088596344,0.040649414,0.022415161,0.018875122,-0.06829834,0.033996582,0.055358887,-0.0022277832,0.033721924,-0.0030021667,0.043395996,-0.021011353,-0.018066406,-0.032989502,-0.021057129,0.013580322,0.0077171326,-0.0519104,0.03286743,-0.027557373,-0.0034236908,-0.029312134,0.09082031,0.02848816,0.037719727,-0.057525635,-0.009681702,-0.0060424805,0.00932312,0.021530151,0.053131104,-0.005645752,-0.02204895,-0.052825928,0.0030899048,-0.006641388,-0.003944397,0.01499176,-0.055877686,0.023147583,-0.024475098,-0.007965088,-0.03982544,0.00087690353,0.011299133,-0.008979797,-0.0040779114,-0.010948181,-0.016067505,-0.017196655,-0.025497437,-0.0030136108,-0.0011491776,0.003501892,0.022338867,0.05178833,-0.021453857,0.0025253296,0.0024528503,-0.022109985,0.011772156,0.01965332,-0.02671814,-0.025772095,-0.020065308,-0.0051116943,-0.010276794,0.028411865,0.041259766,-0.017974854,-0.017196655,-0.036102295,0.019760132,0.029800415,0.037963867,0.013320923,0.0074501038,-0.012084961,0.03930664,-0.013748169,0.027160645,0.013298035,-0.048858643,0.07537842,0.032989502,0.037628174,-0.044036865,-0.020751953,0.019210815,0.021957397,-0.021606445,0.047943115,0.06604004,0.008331299,-0.009422302,-0.009391785,-0.029388428,-0.022445679,-0.04220581,0.0007419586,0.005176544,-0.016036987,-0.012611389,-0.034973145,-0.019638062,-0.028427124,0.022247314,0.032196045,0.03010559,0.03225708,-0.024963379,-0.019180298,-0.056488037,0.022964478,0.031677246,-0.031707764,0.014770508,0.051879883,0.026245117,-0.052886963,-0.04067993,0.0158844,0.06402588,0.020874023,-0.028579712,-0.00059223175,-0.018814087,-0.039154053,-0.010467529,0.04119873,0.016403198,-0.046447754,0.034576416,0.03540039,-0.01184082,-0.0036315918,0.024307251,0.026443481,-0.0040740967,0.016326904,0.031204224,0.035705566,-0.01171875,0.017089844,0.0088272095,-0.033233643,0.00945282,0.014656067,0.021499634,-0.00018250942,-0.043762207,0.03010559,0.00026726723,0.004043579,-0.045928955,0.0077934265,0.0056991577,0.011695862,-0.029022217,0.013336182,0.005962372,0.0101623535,-0.0463562,-0.027786255,-0.0018253326,0.023666382,0.079956055,-0.0423584,-0.00023782253,0.015052795,0.0033817291,0.0014944077,-0.017166138,-0.061462402,0.008049011,-0.021347046,0.023605347,-0.020767212,-0.020248413,0.015945435,-0.0046043396,0.010910034,-0.0309906,0.036224365,-0.051361084,0.014045715,-0.030426025,0.00497818,0.018585205,0.016860962,0.014915466,-0.0072288513,0.008972168,-0.049682617,-0.03945923,0.004398346,0.008346558,0.021865845,-0.008621216,-0.042022705,0.07434082,0.005252838,-0.010147095,-0.016342163,0.031463623,-0.0033798218,-0.005252838,0.029006958,-0.022216797,-0.006149292,-0.01966858,-0.014160156,-0.003917694,0.043395996,0.04067993,-0.03955078,-0.017318726,0.014022827,0.004611969,0.009849548,0.0524292,0.058685303,-0.07116699,-0.030212402,0.008560181,-0.062194824,0.02305603,-0.044067383,-9.1671944e-05,0.04260254,0.028015137,-0.030014038,-0.036071777,0.049316406,0.0035076141,-0.02192688,0.0010795593,-0.017105103,0.021209717,-0.011116028,-0.05392456,-0.010848999,0.041412354,0.024841309,-0.047851562,0.032714844,-0.00073480606,-0.03540039,0.009788513,0.030731201,0.04534912,0.0038280487,0.029907227,0.013435364,0.0032577515,-0.032104492,0.045806885,0.005142212,0.029647827,-0.0047035217,0.016937256,-0.019439697,0.06604004,0.010314941,0.012290955,0.012466431,-0.0033798218,-0.015106201,-0.050201416,-0.020462036,0.011688232,-0.013267517,-0.010826111,0.03062439,0.016311646,0.033599854,-0.0095825195,-0.0002515316,-0.06994629,0.03338623,-0.017959595,0.00674057,0.09338379,-0.020324707,-0.035705566,-0.018814087,-0.07220459,-0.0024490356,-0.019683838,0.011909485,-0.0009813309,0.027160645,0.03640747,-0.05078125,-0.024414062,-0.008911133,0.013076782,0.008712769,0.0014572144,0.003967285,-0.02078247,0.01902771,-0.00015330315,0.06500244,-0.02027893,0.037475586,-0.010673523,-0.0076522827,-0.017196655,-0.027160645,0.028457642,0.0055999756,-0.031829834,0.025436401,0.009605408,-0.07574463,0.06555176,0.047302246,-0.040649414,-0.0011205673,-0.021118164,0.011886597,-0.016540527,0.012435913,0.012802124,0.03665161,0.020202637,0.04232788,-0.015289307,0.041534424,0.013710022,0.013748169,0.011367798,-0.035827637,0.01008606,0.017700195,-0.019317627,0.020080566,0.0181427,0.036834717,-0.024459839,-0.017074585,-0.034057617,0.04663086,-0.030349731,-0.024215698,0.019454956,-0.01966858,0.009513855,-0.020233154,0.027496338,0.039642334,-0.016799927,-0.048034668,0.0017251968,0.028121948,-0.0010051727,0.0061569214,-0.014228821,0.03277588,-0.012664795,-0.023864746,-0.011276245,-0.008163452,0.017669678,-0.008049011,0.011306763,0.04473877,0.007926941,0.033355713,-0.0018129349,-0.02519226,0.0013141632,-0.04864502,0.07342529,-0.019348145,0.018951416,-0.008552551,-0.011436462,-0.008628845,0.07196045,-0.012031555,0.025604248,0.01663208,0.0027885437,0.026641846,0.0132369995,0.010131836,-0.00762558,0.0023269653,-0.011161804,0.009407043,-0.07366943,0.00712204,-0.04751587,0.007873535,0.024902344,0.011222839,0.033203125,-0.03366089,0.027908325,0.006298065,-0.00932312,-0.027572632,-0.046905518,0.019226074,-0.006919861,-0.020217896,-0.032989502,0.021759033,0.023544312,0.04421997,-0.018814087,-0.00566864,-0.0015830994,-0.018325806,0.04458618,0.06286621,0.0059051514,-0.0093688965,-0.009353638,0.012969971,0.014099121,0.0126953125,-0.0011940002,-0.025527954,-0.0016956329,-0.017578125,-0.008003235,-0.013244629,-0.0059127808,-0.02041626,-0.018829346,0.0023612976,0.024032593,-0.015419006,-0.0010643005,0.0022335052,-0.04776001,-0.032348633,-0.02406311,0.02078247,0.020019531,0.03527832,-0.0065345764,-0.033081055,0.016845703,0.03463745,-8.08239e-05,-0.025878906,0.061309814,-0.027755737,0.019607544,0.007850647,-0.012420654,0.005138397,0.023269653,0.005508423,0.04119873,-0.006542206,0.005695343,0.007835388,0.017959595,-0.028717041,-0.011398315,0.01876831,-0.023361206,-0.00712204,-0.0038642883,-0.002626419,-0.010360718,-0.024215698,-0.03466797,-0.021514893,0.017593384,-0.01751709,0.009757996,0.008308411,0.019134521,-0.0016994476,-0.00957489,-0.015625,0.0016908646,-0.05065918,0.052246094,0.02508545,-0.010604858,-0.018112183,0.035827637,0.038513184,0.0069465637,-0.0137786865,-0.03390503,0.017440796,0.013580322,-0.009613037,0.024627686,-0.02130127,-0.027832031,-0.024917603,0.010437012,0.010139465,0.03149414,0.03564453,-0.02645874,-0.018585205,0.014625549,0.030426025,0.04159546,0.047424316,-0.004852295,-0.015434265,-0.030029297,-0.03439331,-0.036865234,0.03387451,-0.0027942657,0.013000488,-0.051879883,0.004119873,-0.025344849,-0.021499634,-0.007171631,-0.001326561,0.011947632,-0.004447937,0.012420654,0.0017929077,0.0044937134,0.023513794,0.013008118,-0.0054626465,0.01398468,0.033721924,-0.012123108,-0.058563232,0.042114258,0.012123108,0.025527954,-0.017456055,-0.022079468,-0.0098724365,0.0025424957,-0.0022678375,0.002796173,0.00062036514,0.0031871796,-0.046325684,-0.035186768,-0.041534424,-0.0385437,0.018035889,-0.016433716,0.030700684,0.0026454926,0.034332275,-0.026519775,0.037719727,0.015586853,0.009185791,0.047210693,-0.027389526,0.04019165,0.006023407,-0.034576416,-0.0062179565,0.0014371872,0.022064209,-0.005558014,-0.0124435425,0.024383545,-0.009017944,0.013175964,0.0028133392,-0.011764526,0.009529114,-0.036712646,0.028305054,0.0149383545,0.027038574,0.035339355,0.0061035156,0.009307861,0.009811401,0.025787354,0.0137786865,0.0004117489,0.02279663,-0.024017334,0.047058105,0.027862549,-0.014671326,0.010269165,-0.026473999,-0.033050537,0.03387451,-0.007095337,-0.025741577,1.001358e-05,-0.009963989,0.034179688,0.013710022,0.017868042,-0.027908325,0.025787354,0.009384155,-0.0065994263,-0.0027275085,0.011955261,0.048675537,0.05239868,0.022094727,0.02130127,0.031799316,0.010917664,0.011482239,0.010124207,0.04763794,0.004585266,0.010017395,-0.036987305,0.0056877136,0.015914917,-0.04220581,-0.010696411,-0.017623901,0.02545166,0.0053977966,-0.026031494,0.011047363,0.009300232,-0.025314331,-0.015930176,0.06311035,0.024673462,-0.034729004,-0.0013399124,0.008384705,0.04168701,0.019348145,0.024505615,-0.010803223,0.01663208,-0.04147339,0.019317627,-0.024642944,-0.01448822,0.014640808,0.011390686,-0.068359375,0.010414124,-0.030761719,-0.047912598,0.016738892,-0.031021118,-0.019241333,-0.03744507,0.016494751,-0.043518066,0.013580322,0.02017212,0.021011353,-0.08734131,-0.022750854,0.0014562607,0.0034446716,-0.012016296,-0.012611389,-0.020828247,-0.0032730103,-0.03353882,-0.010635376,-0.03918457,-0.012870789,0.01638794,-0.018875122,0.041168213,-0.025985718,0.003660202,0.011810303,0.02458191,0.02041626,-0.026672363,0.005584717,0.006965637,0.04196167,-0.028915405,-0.019622803,0.011375427,-0.017700195,0.028045654,-0.009216309,0.03564453,0.0345459,0.015899658,0.030212402,0.035705566,0.013000488,-0.011665344,0.012588501,-0.003850937,0.048217773,0.018981934,-0.0061187744,0.045532227,0.050567627,-0.0052337646,-0.01247406,-0.01058197,0.015548706,0.007671356,0.0059776306,-0.022354126,0.014694214,0.031677246,0.003063202,0.03338623,-0.033721924,-0.004611969,-0.0038223267,-0.011314392,-0.013298035,0.02772522,-0.029693604,0.04559326,0.007457733,-0.036590576,-0.00299263,0.023147583,-0.018722534,-0.003993988,-0.01576233,-0.021499634,-0.0049972534,-0.04486084,0.0058784485,-0.034729004,0.011886597,-0.03387451,0.004219055,-0.032043457,-0.027786255,0.0385437,-0.01789856,-0.003604889,-0.015136719,-0.006706238,0.037109375,-0.021408081,0.019699097,0.029418945,-0.0025596619,-0.0047721863,-0.013633728,-0.043518066,-0.02420044,-0.0135650635,0.016845703,0.025039673,0.007347107,0.0034980774,0.014678955,0.025009155,-0.01108551,0.02053833,-0.014030457,0.0066108704,0.012077332,0.012069702,0.019302368,0.04147339,-0.03768921,-0.0034236908,-0.0053253174,0.026138306,0.0025787354,-0.011039734,0.010894775,0.019744873,0.026428223,-0.004016876,0.010597229,-0.0118255615,-0.0010614395,-0.01991272,0.022979736,-0.033691406,-0.0015096664,0.0040016174,0.033813477,0.014709473,0.0033950806,0.0385437,0.01084137,-0.022537231,0.021850586,0.0024204254,0.0005455017,0.030319214,-0.016067505,0.029129028,-0.024719238,0.004634857,0.024719238,0.003479004,0.001291275,-0.0067329407,-0.027389526,-0.012046814,0.0023479462,0.008880615,0.002401352,0.02079773,0.0059127808,-0.054626465,-0.027633667,-0.021606445,-0.024673462,0.010131836,-0.00084257126,0.041015625,-0.02041626,-0.00680542,0.056121826,-0.0018138885,-0.013282776,-0.0047950745,-0.017349243,-0.023712158,0.0030326843,-0.0021705627,0.016525269,-0.0036029816,0.002784729,0.007598877,0.0045928955,0.025024414,-0.012374878,0.007888794,-0.013069153,0.025512695,0.0009174347,0.021011353,-0.0007123947,0.0019454956,-0.005466461,0.029800415,-0.03286743,-0.035980225,-0.007205963,0.03567505,-0.00957489,0.029769897,0.004085541,0.020889282,0.027862549,-0.017501831,-0.015625,-0.04800415,0.025512695,-0.004196167,-0.0006685257,-0.010429382,-0.022125244,0.03201294,0.037750244,0.022033691,-0.015731812,0.0024814606,0.029251099,0.0519104,0.04949951,-0.01071167,-0.016479492,-0.005657196,-0.021377563,0.01977539,-0.0044059753,-0.0017251968,0.011390686,-0.02722168,0.040802002,-0.007457733,-0.01776123,-0.007534027,0.029724121,0.042877197,0.015419006,-0.008361816,-0.01008606,0.031829834,0.0022354126,-0.0053253174,0.028167725,0.016723633,0.016281128,0.0032806396,0.008384705,0.018478394,0.0020542145,-0.004146576,-0.015838623,0.00025367737,-0.008010864,-0.011955261,-0.020996094,-0.018218994,-0.010787964,-0.027191162,0.009712219,-0.031707764,-0.0059547424,0.0030841827,0.026779175,0.016601562,-0.0016670227,-0.00057315826,0.0078048706,0.016021729,0.004146576,0.029846191,0.0011873245,-0.0038833618,0.015182495,-0.00047564507,-0.008354187,-0.01008606,-0.0036888123,0.009246826,0.029129028,-0.015220642,-0.029541016,0.0057868958,-0.01071167,-0.025741577,0.010826111,-0.035308838,0.008987427,0.010467529,-0.04547119,0.010414124,-0.00894165,-0.025299072,-0.014968872,0.044952393,-0.028427124,0.032348633,-0.0073661804,0.011062622,-0.0077209473,0.0006546974,0.025436401,0.01889038,0.017120361,-0.010475159,0.020217896,-0.021820068,-0.028656006,-0.027648926,0.0067329407,-0.028640747,0.0007324219,-0.0034179688,-0.008995056,0.0053710938,-0.032836914,-0.008987427,0.0085372925,0.019683838,-0.023391724,-0.029846191,-0.01977539,0.029342651,0.015899658,-0.01687622,-0.028717041,-0.014862061,-0.015388489,-0.0014486313,-0.02897644,0.008850098,0.0037117004,0.038208008,0.022109985,-0.005207062,0.014205933,-0.035705566,0.0013523102,-0.005077362,0.012802124,0.011039734,0.029006958,-0.020248413,0.02734375,0.001619339,0.008613586,0.012519836,0.016281128,0.022720337,0.0029354095,-0.02809143,-0.031143188,-0.029937744,-0.013320923,0.00774765,-0.033355713,0.024246216,-0.004447937,-0.00039339066,0.021453857,-0.01725769,-0.04244995,0.07513428,0.0048179626,-0.0042762756,0.037475586,0.03591919,0.0038700104,0.04168701,-0.004173279,0.0026130676,-0.01852417,0.00504303,0.018829346,0.022247314,0.03137207,0.0034370422,0.025863647,0.006248474,0.038635254,0.025146484,0.058258057,-0.014411926,-0.016662598,0.022964478,0.0029888153,-0.033477783,-0.009689331,-0.021514893,-0.004875183,0.022033691,0.00466156,0.002696991,-0.009925842,0.01638794,0.01902771,-0.027938843,0.0029888153,-0.018005371,-0.023666382,-0.012702942,0.015144348,-0.0035114288,0.0020122528,0.012557983,0.013580322,0.0028820038,-0.036315918,-0.028579712,0.032684326,0.039733887,0.015731812,-0.048431396,-0.02217102,0.0057373047,-0.028793335,0.025497437,0.003414154,0.020401001,0.02835083,0.01965332,0.024597168,0.0010480881,-0.021835327,-0.019760132,-0.0032730103,-0.016937256,0.00049972534,-0.027648926,0.010864258,-0.006336212,0.003818512,0.016662598,-0.01424408,-0.018295288,0.01361084,0.0010595322,-0.0024681091,0.008674622,-0.012748718,-0.03149414,-0.022476196,0.003566742,-0.00869751,0.00655365,0.025970459,-0.019210815,-0.016860962,-0.02217102,0.037322998,-0.034057617,0.0038089752,-0.018081665,-0.00705719,0.061401367,0.021530151,-0.003293991,0.0008559227,-0.013908386,0.023803711,-0.022888184,0.032470703,0.0038414001,-0.033416748,-0.0060310364,-0.0014257431,-0.014785767,-0.004425049,-0.0025520325,0.028839111,0.012680054,-0.0061950684,-0.02482605,-0.009407043,0.03338623,-0.02835083,0.020004272,0.0027923584,-0.034210205,0.026565552,0.033355713,-0.007270813,0.029083252,0.009796143,0.0014429092,-0.012939453,-0.037872314,-0.009590149,0.026779175,0.06036377,0.02444458,0.011169434,0.011436462,0.019683838,-0.0031261444,0.043304443,0.0064201355,-0.022064209,0.008110046,-0.020950317,-0.025772095,-0.0137786865,-0.026367188,0.020080566,-0.0033912659,0.008148193,-0.019439697,-0.010131836,-0.029464722,0.015274048,0.012382507,-0.012481689,0.01687622,0.013389587,0.008422852,0.0023174286,0.012886047,7.855892e-05,0.04058838,-0.009788513,0.013122559,0.002796173,0.050964355,-0.007865906,-0.017456055,-0.008468628,0.026321411,0.017349243,-0.00730896,0.015609741,-0.0121154785,0.024002075,-0.00705719,-0.012008667,-0.020935059,0.000374794,0.00095939636,0.0037384033,-0.013839722,-0.00046277046,-0.021072388,0.02166748,-0.04458618,-0.031066895,-0.00062322617,0.003479004,0.00076293945,0.0154418945,-0.020904541,-0.014076233,0.028015137,0.0031986237,0.04559326,-0.013267517,0.0058021545,-0.026931763,0.05239868,-0.0008826256,0.016784668,-0.011734009,0.007785797,0.06036377,0.070739746,0.01007843,-0.018173218,-0.012741089,-0.010139465,0.04727173,-0.03010559,-0.004787445,-0.005645752,0.009529114,-0.0028476715,0.0025482178,-0.02468872,0.06100464,0.029434204,-0.009719849,-0.004486084,0.011161804,-0.0041389465,-0.018554688,-0.010757446,0.037597656,0.019561768,-0.0035629272,-0.007133484,-0.045013428,0.020126343,-0.015388489,0.0013895035,-0.03253174,0.0025978088,-0.066101074,-0.045898438,0.014434814,-0.014915466,-0.009986877,-0.0004940033,0.026748657,-0.036590576,0.0015640259,-0.009353638,0.0020179749,-0.014808655,0.003540039,0.0006971359,-0.0129852295,0.045410156,-0.005744934,-0.018234253,0.0041770935,0.04196167,-0.016174316,0.021606445,-0.016082764,-0.01348114,-0.05355835,-0.04168701,0.0017328262,0.03189087,-0.0118255615,-0.0066223145,-0.0047569275,0.012420654,0.04156494,0.03326416,0.021377563,-0.023910522,-0.027114868,-0.023254395,0.013076782,0.00047540665,-0.040008545,0.0014514923,-0.01084137,-0.02961731,0.040771484,0.02229309,-0.012016296,0.035217285,-0.018432617,0.029647827,0.052337646,0.003528595,-0.03756714,0.0051231384,-0.0121154785,0.017929077,-0.009475708,0.018112183,0.01448822,0.014976501,0.01940918,-0.02293396,-0.013931274,0.013168335,-0.019485474,0.020889282,-0.014419556,0.008415222,0.05142212,0.020996094,0.008102417,0.036315918,-0.026489258,0.018600464,-0.0051498413,-0.01574707,0.018936157,-0.006122589,0.0018672943,-0.017364502,0.021606445,-0.01876831,0.044158936,-0.014411926,0.017349243,-0.0071411133,-0.00894165,0.0024681091,0.001619339,0.021774292,0.00076532364,0.029174805,-0.019607544,0.034973145,-0.027496338,-0.06011963,0.026519775,-0.03463745,-0.038238525,-0.0077667236,0.0043792725,0.021911621,-0.016204834,0.0075035095,0.0036182404,0.027374268,0.00011771917,0.025390625,-0.006549835,0.039764404,-0.032409668,-0.03353882,0.012161255,0.029647827,0.018753052,0.010635376,0.010955811,0.031677246,-0.03363037,-0.011917114,0.0026493073,0.007965088,-0.021896362,0.022232056,-0.0017089844,0.008415222,0.040527344,0.038604736,0.012214661,-0.0035305023,0.0052108765,0.00034189224,0.00027823448,0.012870789,0.010635376,-0.01625061,-0.02696228,-0.006603241,0.01600647,0.010826111,-0.009994507,-0.0051574707,0.00045323372,0.038208008,0.035247803,-0.008262634,0.040008545,0.018569946,-0.02017212,-0.0064086914,-0.008911133,0.0134887695,-0.0022735596,0.010009766,0.02407837,-0.006668091,-0.011268616,-0.016311646]"
af4ae731a8e5403baebd1c058b583f9d5ccd24fb#2,af4ae731a8e5403baebd1c058b583f9d5ccd24fb,2,95be11bc74aae237feae9d0de5cfd152763f87999c95493c0ec6918c01856a58,"## Repayment thresholds and rates 2024–25

For 2024–25, a single percentage rate applied to your **total** repayment income once you reached a bracket.

The minimum repayment income threshold for 2024–25 was **$54,435**.

| Repayment income | Rate applied to total repayment income |
| --- | --- |
| Below $54,435 | Nil |
| $54,435 – $62,850 | 1.0% |
| $62,851 – $66,620 | 2.0% |
| $66,621 – $70,618 | 2.5% |
| $70,619 – $74,855 | 3.0% |
| $74,856 – $79,346 | 3.5% |
| $79,347 – $84,107 | 4.0% |
| $84,108 – $89,154 | 4.5% |
| $89,155 – $94,503 | 5.0% |
| $94,504 – $100,174 | 5.5% |
| $100,175 – $106,185 | 6.0% |
| $106,186 – $112,556 | 6.5% |
| $112,557 – $119,309 | 7.0% |
| $119,310 – $126,467 | 7.5% |
| $126,468 – $134,056 | 8.0% |
| $134,057 – $142,100 | 8.5% |
| $142,101 – $150,626 | 9.0% |
| $150,627 – $159,663 | 9.5% |
| $159,664 and over | 10.0% |

Repayment income is your taxable income plus any total net investment loss, total reportable fringe benefits amounts, reportable super contributions and exempt foreign employment income.","{""Study and training loan repayment thresholds and rates"",""Repayment thresholds and rates 2024–25""}",Study and training loan repayment thresholds and rates,https://www.ato.gov.au/tax-rates-and-codes/study-and-training-support-loans-rates-and-repayment-thresholds,tax-rates-and-codes,,,"{2024-25,2025-26}",1,active,,2026-09-29 03:59:56.332203+00,"## Repayment thresholds and rates 2024–25

For 2024–25, a single percentage rate applied to your **total** repayment income once you reached a bracket.

The minimum repayment income threshold for 2024–25 was **$54,435**.

| Repayment income | Rate applied to total repayment income |
| --- | --- |
| Below $54,435 | Nil |
| $54,435 – $62,850 | 1.0% |
| $62,851 – $66,620 | 2.0% |
| $66,621 – $70,618 | 2.5% |
| $70,619 – $74,855 | 3.0% |
| $74,856 – $79,346 | 3.5% |
| $79,347 – $84,107 | 4.0% |
| $84,108 – $89,154 | 4.5% |
| $89,155 – $94,503 | 5.0% |
| $94,504 – $100,174 | 5.5% |
| $100,175 – $106,185 | 6.0% |
| $106,186 – $112,556 | 6.5% |
| $112,557 – $119,309 | 7.0% |
| $119,310 – $126,467 | 7.5% |
| $126,468 – $134,056 | 8.0% |
| $134,057 – $142,100 | 8.5% |
| $142,101 – $150,626 | 9.0% |
| $150,627 – $159,663 | 9.5% |
| $159,664 and over | 10.0% |

Repayment income is your taxable income plus any total net investment loss, total reportable fringe benefits amounts, reportable super contributions and exempt foreign employment income.","[-0.0029907227,-0.005317688,0.07110596,0.0362854,-0.027297974,0.03286743,0.018554688,0.027359009,-0.0135269165,-0.014060974,-0.0026130676,-0.0076179504,0.0032691956,-0.013008118,0.04324341,-0.016601562,0.019943237,0.017074585,-0.0602417,0.07751465,0.024047852,0.009468079,-0.019134521,0.0051078796,0.010925293,0.0059394836,-0.029388428,-0.055145264,-0.03213501,0.0034160614,0.025650024,-0.006374359,-0.009712219,0.014328003,-0.0060043335,-0.022476196,-0.048828125,-0.0028743744,0.04788208,-0.038879395,-0.008132935,0.045928955,0.010925293,0.016021729,-0.064941406,0.047851562,-0.011245728,-0.05758667,0.02255249,0.029251099,-0.014060974,0.03918457,0.012542725,0.04800415,-0.04522705,0.029037476,-0.016204834,0.033691406,0.006652832,-0.06011963,0.06756592,0.03866577,0.010749817,0.0037975311,-0.030548096,0.010375977,-0.010986328,0.06842041,0.01727295,-0.02571106,-0.005771637,0.01108551,0.062164307,-0.03717041,0.015533447,-0.0032024384,-0.016174316,-0.002210617,-0.016937256,-0.023788452,0.012863159,-0.017074585,-0.0051994324,0.0003039837,0.033111572,0.04321289,0.008773804,-0.011474609,-0.033996582,-0.015899658,-0.043273926,-0.049926758,-0.041015625,0.027023315,0.031311035,-0.05496216,-0.017440796,-0.009529114,-0.010658264,0.0021266937,0.024429321,0.030303955,0.021408081,-0.043060303,0.052337646,0.039123535,-0.05996704,-0.0002053976,-0.0044784546,-0.053466797,0.008308411,0.032043457,-0.044281006,0.012557983,0.021087646,-0.017562866,-0.09234619,-0.006969452,0.011100769,-0.024246216,0.019515991,-0.0076026917,0.0027446747,-0.0032444,0.047576904,0.008529663,-0.00036525726,0.03286743,-0.08117676,-0.057922363,-0.0024299622,0.015716553,0.011047363,0.0017299652,-0.026519775,-0.022903442,0.057678223,0.028869629,0.00048017502,-0.059906006,0.04034424,0.03778076,-0.012359619,0.018066406,-0.0009031296,0.03564453,-0.011413574,-0.017120361,-0.02519226,-0.019821167,-0.011024475,-0.007575989,-0.070739746,0.029067993,0.0070648193,-0.0061798096,-0.019302368,0.08239746,0.00497818,-0.0022239685,-0.06970215,-0.00054216385,-0.016860962,0.005519867,0.034423828,0.029327393,0.008514404,-0.033843994,-0.0715332,-0.018859863,0.026000977,-0.0073547363,0.011009216,-0.02949524,0.037506104,-0.026397705,-0.0039634705,-0.018676758,0.0038089752,0.015838623,-0.0035209656,-0.019088745,-0.027816772,-0.015838623,-0.028961182,-0.035980225,-0.0023612976,-0.012420654,0.011741638,0.025131226,0.06561279,-0.016021729,-0.009017944,0.0059661865,-0.03729248,0.011657715,0.020553589,-0.024963379,-0.02508545,0.011116028,0.010261536,-0.021728516,0.04168701,0.034851074,-0.009521484,0.014450073,-0.032226562,0.0039978027,0.008354187,0.02330017,0.041015625,0.015701294,-0.018859863,0.030090332,-0.012023926,0.015098572,0.00806427,-0.028442383,0.061798096,0.034454346,0.02645874,-0.03564453,-0.018356323,0.027709961,0.011016846,-0.012458801,0.040496826,0.07739258,-0.0007901192,-0.019454956,-0.0016117096,-0.023788452,-0.042053223,-0.057159424,0.0043563843,0.009918213,-0.013145447,-0.033477783,-0.0103302,-0.026351929,-0.040802002,0.035064697,0.032440186,0.033721924,0.029006958,-0.028305054,-0.01826477,-0.06744385,0.019073486,0.023132324,-0.011703491,0.0069885254,0.042877197,0.019332886,-0.04510498,-0.05899048,0.01902771,0.050811768,0.019561768,-0.02998352,0.015342712,-0.026672363,-0.053375244,-0.0101623535,0.039520264,0.02154541,-0.02508545,0.019363403,0.024993896,-0.02178955,0.01550293,0.030975342,0.029327393,-0.021347046,0.008010864,0.04067993,0.055908203,-0.037139893,0.008308411,-0.005138397,-0.040130615,-0.004508972,0.0019760132,0.019134521,-0.0082473755,-0.050964355,0.037261963,0.0025844574,0.010894775,-0.011833191,0.000156641,0.010894775,-0.002084732,-0.028656006,0.035125732,-0.00075912476,0.01423645,-0.031433105,-0.01625061,0.026397705,0.023117065,0.084350586,-0.01399231,0.009788513,0.015808105,0.0026435852,0.0158844,-0.01991272,-0.05355835,0.002439499,-0.0090789795,0.02079773,-0.022460938,-0.022964478,0.009086609,0.016571045,0.026123047,-0.034606934,0.038757324,-0.030166626,0.022994995,-0.04434204,-0.0032291412,0.02809143,0.033203125,0.017120361,-0.0051879883,0.004173279,-0.041900635,-0.037231445,0.030227661,0.0038528442,0.020324707,-0.00022935867,-0.03878784,0.07385254,0.015113831,-0.006134033,0.015411377,0.034454346,-0.011077881,0.0031738281,-0.020812988,-0.022232056,0.0031738281,-0.019821167,-0.009208679,-0.014305115,0.032287598,0.03503418,-0.04550171,-0.026733398,0.012275696,0.017684937,0.0034637451,0.05709839,0.06298828,-0.03665161,-0.03253174,0.018249512,-0.060180664,0.018585205,-0.0362854,-0.00048184395,0.03012085,0.024627686,-0.0078048706,-0.030380249,0.022659302,0.0054016113,-0.0013446808,0.017028809,0.008644104,0.008781433,-0.013427734,-0.061950684,0.007827759,0.060516357,0.030975342,-0.035369873,0.035064697,0.0015230179,-0.04171753,0.00049972534,0.036987305,0.03253174,0.011306763,0.033172607,0.0151901245,-0.028015137,-0.016815186,0.0390625,0.0036029816,0.024520874,-0.0006260872,0.015556335,-0.03543091,0.096191406,0.026351929,-0.009254456,0.00541687,-0.007217407,-0.003774643,-0.064819336,-0.002790451,-0.015914917,-0.019485474,0.0033893585,0.034088135,0.0039405823,0.00497818,-0.033233643,0.007205963,-0.06137085,0.01687622,-0.0009794235,-0.0010824203,0.070739746,-0.021087646,-0.031921387,0.0071640015,-0.06982422,0.0032806396,-0.025665283,-0.022567749,0.0013370514,0.012466431,0.021011353,-0.035095215,-0.010971069,0.004837036,0.012756348,-0.00071668625,-0.0038089752,-0.032714844,-0.022949219,0.007820129,-0.0043754578,0.049926758,0.01071167,0.04360962,-0.015731812,-0.011131287,-0.03466797,-0.042907715,0.007030487,-0.018463135,-0.047454834,0.025421143,0.031433105,-0.060516357,0.047424316,0.047332764,-0.027816772,-0.036895752,-0.049621582,0.006362915,0.00843811,0.02017212,0.0005788803,0.036956787,0.0035247803,0.043762207,-0.01474762,0.03189087,-0.006843567,0.012420654,0.0109939575,-0.043792725,0.012741089,0.0025253296,-0.0062179565,0.01121521,0.01687622,0.037261963,-0.01701355,-0.026809692,-0.009162903,0.059051514,-0.053588867,-0.034851074,0.010551453,-0.038024902,-0.002855301,-0.004283905,0.022979736,0.03579712,0.007610321,-0.056884766,0.018432617,0.042144775,0.014587402,0.049926758,-0.015380859,0.024765015,-0.020248413,-0.0418396,-0.010719299,-0.0059318542,0.009918213,-0.0047569275,-0.008308411,0.056549072,0.012336731,0.013923645,-0.021408081,-0.012557983,0.0074005127,-0.040161133,0.072509766,-0.040130615,-0.00013256073,0.018737793,-0.0079956055,-0.0061798096,0.066467285,-0.020553589,0.005870819,0.006919861,-0.002986908,0.01953125,-0.006084442,0.0005970001,-0.00932312,0.0068130493,-0.018814087,0.011711121,-0.047943115,0.006225586,-0.036956787,0.009857178,0.0030403137,-0.006137848,0.036712646,-0.035125732,0.027877808,-0.0008401871,-0.033416748,-0.024810791,-0.054656982,0.0030975342,0.010353088,-0.014854431,-0.032714844,0.03765869,0.005458832,0.030975342,-0.013137817,-0.01977539,-0.012687683,-0.01586914,0.013122559,0.053131104,-0.0024929047,-0.02015686,-0.012557983,0.014533997,0.027877808,0.00010621548,-0.0068855286,-0.0121154785,-0.016067505,-0.0140686035,-0.0357666,-0.0027370453,-0.0025558472,-0.007270813,-0.009727478,-0.01184082,0.023910522,-0.009483337,-0.018539429,-0.014587402,-0.033996582,-0.023712158,-0.017440796,0.0050315857,0.009338379,0.039916992,-0.012573242,-0.04421997,0.028381348,0.013366699,-0.013832092,-0.026611328,0.036376953,-0.02935791,0.0064315796,-0.007434845,-0.01878357,0.010650635,0.025497437,0.022079468,0.027038574,0.009628296,-0.011367798,-0.039093018,0.020736694,-0.018615723,0.003774643,0.021270752,-0.031066895,-0.009483337,-0.018081665,-0.021224976,-0.026260376,-0.01058197,-0.017959595,-0.008354187,0.016357422,-0.01486969,0.0025501251,-0.01171875,0.014785767,-0.009429932,-0.0030918121,9.393692e-05,0.00044703484,-0.031311035,0.027526855,0.016708374,-0.0074539185,-0.0113220215,0.019332886,0.05065918,0.0234375,-0.015808105,-0.029876709,0.024017334,0.021331787,0.013549805,0.031188965,-0.0072669983,-0.016296387,-0.017425537,0.019439697,0.021087646,0.04586792,0.033996582,-0.016738892,0.002210617,0.0070648193,0.045410156,0.028198242,0.008399963,-0.008018494,-0.012557983,-0.027236938,-0.03048706,-0.015434265,0.030227661,0.0014591217,0.0054244995,-0.032318115,0.0035896301,-0.037200928,-0.03488159,0.0109939575,-0.02067566,0.017089844,-0.006454468,0.0049591064,0.0084991455,0.0010175705,0.025100708,0.0115737915,-0.02067566,0.015113831,0.038909912,-0.004184723,-0.06304932,0.013397217,0.0067443848,-0.0008444786,-0.009117126,-0.028442383,-0.00504303,-0.0012578964,-0.0062828064,-0.0037269592,-0.005794525,0.011024475,-0.04888916,-0.023162842,-0.032348633,-0.04663086,0.025634766,-0.021881104,0.032104492,0.0112838745,0.023712158,-0.02760315,0.031082153,-0.017333984,-0.004550934,0.06628418,-0.032562256,0.044891357,0.007671356,-0.028625488,-0.011413574,0.0011873245,0.014923096,-0.02053833,-0.015808105,0.028442383,-0.008842468,0.025299072,0.027786255,-0.021697998,0.0062026978,-0.024490356,0.023788452,0.011543274,0.017333984,0.030975342,0.00242424,-0.011886597,0.0096206665,-0.016616821,0.02079773,-0.009803772,0.029434204,-0.021133423,0.051116943,0.015380859,-0.028717041,-0.010414124,-0.03982544,-0.015670776,0.03111267,-0.0069274902,-0.016616821,0.010055542,0.0023880005,0.042175293,-0.010719299,0.01134491,-0.03692627,0.023025513,0.044311523,-0.0027198792,-0.014328003,0.009262085,0.03817749,0.032104492,0.027236938,0.031555176,0.010314941,-0.0074806213,0.023345947,0.0112838745,0.024520874,-0.014656067,0.0022258759,-0.03286743,-0.0025844574,0.026947021,-0.03866577,-0.02458191,-0.0206604,0.02331543,0.019210815,-0.010772705,0.015029907,0.0025177002,-0.02078247,-0.0023784637,0.06185913,0.012214661,-0.036071777,-0.0007953644,0.011154175,0.050628662,0.03302002,0.017196655,-0.030731201,0.030303955,-0.039886475,0.004673004,-0.028121948,-0.013710022,0.022125244,0.01965332,-0.05731201,0.0038700104,-0.015655518,-0.0519104,0.0034942627,-0.0070648193,-0.027908325,-0.038330078,0.004901886,-0.027679443,0.008369446,0.03189087,0.021438599,-0.07873535,-0.017974854,-0.0010757446,0.0052375793,0.015060425,0.0067481995,-0.0038051605,0.0008211136,-0.023651123,-0.0017242432,-0.028793335,0.002746582,0.0072517395,-0.028167725,0.04373169,-0.0154800415,0.02003479,0.013183594,0.017807007,0.019378662,-0.011245728,0.007827759,-0.0053520203,0.049621582,-0.023239136,-0.009277344,-0.005153656,-0.025787354,0.03970337,-0.0077323914,0.028625488,0.021392822,0.012931824,0.00554657,0.024734497,0.0113220215,-0.013244629,0.030654907,0.0025997162,0.033691406,0.013053894,0.005290985,0.059692383,0.042175293,-0.0050964355,-0.0013198853,-0.022628784,0.011459351,0.00983429,0.006729126,-0.022262573,0.0009899139,0.026382446,-0.01159668,0.010429382,-0.021194458,-0.004558563,-0.015167236,-0.013153076,-0.011039734,0.01979065,-0.022323608,0.043792725,-0.0032234192,-0.013175964,0.011070251,0.0010471344,-0.0056381226,0.0075950623,-0.020690918,-0.021087646,-0.0013828278,-0.041931152,0.008224487,-0.03945923,0.018432617,-0.022216797,0.006542206,-0.037597656,-0.02897644,0.035980225,-0.008552551,-0.0033817291,-0.027435303,0.00819397,0.02708435,0.010276794,0.028717041,0.039123535,-0.0002462864,0.003545761,-0.0042877197,-0.01676941,-0.020568848,0.0021438599,0.011741638,0.029571533,-0.007671356,-0.015533447,0.0054473877,0.021362305,-0.02319336,-0.0014886856,-0.005378723,-0.0028190613,0.012565613,0.04611206,0.018951416,0.023590088,-0.023101807,0.019485474,-0.009284973,0.03994751,-0.01007843,-0.012489319,0.018798828,0.006614685,0.025253296,0.0052223206,0.012756348,-0.025726318,0.006275177,-0.0044059753,0.019332886,-0.037353516,0.016189575,0.0049819946,0.021408081,-0.0024852753,0.002916336,0.03048706,0.012573242,-0.03152466,0.026351929,-0.008010864,0.008224487,0.045318604,-0.022644043,0.0256958,-0.026519775,0.0024280548,0.013252258,-0.006591797,-0.0038146973,0.014030457,-0.006072998,-0.017578125,-0.002117157,-0.001909256,-0.0015459061,0.013412476,-0.006439209,-0.048187256,-0.022537231,-0.018493652,-0.019989014,0.016860962,0.008514404,0.030258179,-0.0024642944,0.01259613,0.052520752,0.0031814575,0.000102996826,0.005367279,-0.010559082,-0.052093506,-0.0070343018,0.03552246,0.008964539,-0.0044784546,-0.012023926,0.028137207,0.016845703,0.036956787,-0.013786316,0.025314331,-0.014167786,0.04348755,0.0105896,0.04559326,0.004940033,0.025802612,-0.0017280579,0.036315918,-0.03338623,-0.023712158,-0.0058403015,0.039123535,0.009979248,0.025650024,0.02519226,0.042175293,0.03427124,-0.02281189,-0.011505127,-0.035125732,-0.0010471344,-0.019073486,-0.020004272,-0.021591187,-0.009155273,0.031433105,0.019470215,0.0077400208,0.0059165955,0.0061569214,0.014007568,0.06524658,0.039611816,0.002620697,-0.012527466,-0.014854431,-0.015838623,0.020370483,-0.0010185242,-0.008262634,-0.007091522,-0.0413208,0.024887085,-0.023605347,-0.009773254,0.008308411,0.028869629,0.030654907,0.006462097,-0.009780884,-0.0084991455,0.034118652,0.003660202,-0.02319336,0.029388428,0.013298035,0.026687622,-0.004085541,0.003730774,0.027313232,0.014892578,-0.0054740906,-0.0055274963,0.011260986,-0.012687683,-0.020599365,-0.03302002,0.002313614,-0.013130188,-0.0135650635,0.016311646,-0.037384033,-0.015686035,0.009429932,0.028015137,0.012390137,-1.4781952e-05,-0.019943237,-0.0043754578,0.026748657,0.016067505,0.029541016,0.017730713,-0.009773254,0.015182495,-0.021850586,0.0029888153,-0.010726929,-0.002210617,0.010299683,0.032409668,-0.011650085,0.009208679,-0.011817932,-0.014732361,-0.0014972687,0.013885498,-0.018539429,0.002904892,0.028060913,-0.02798462,0.024993896,0.00655365,-0.03439331,-0.026168823,0.037841797,-0.016494751,0.03062439,-0.008056641,0.020004272,-0.014305115,-0.013626099,0.03451538,0.01096344,0.0015821457,-0.018096924,0.0059165955,-0.008377075,-0.008903503,-0.012435913,0.012039185,-0.013450623,0.001613617,-0.01259613,-0.020645142,-2.515316e-05,-0.044769287,-0.0010318756,0.017211914,0.013549805,-0.019485474,-0.0569458,-0.023025513,0.03149414,0.017791748,-0.02015686,-0.0020637512,-0.021942139,-0.013717651,-0.007347107,-0.01727295,-0.008430481,0.015838623,0.031341553,0.016571045,0.009803772,-0.0025920868,-0.019302368,0.012481689,0.0074882507,0.00724411,0.015167236,0.024810791,-0.01828003,0.022903442,-0.013580322,0.0151901245,-0.006843567,-0.004760742,0.011405945,-0.011421204,-0.015007019,-0.023590088,-0.03488159,-0.010749817,0.002298355,-0.033203125,0.01940918,-0.0042037964,0.007331848,0.01689148,-0.004802704,-0.035858154,0.09326172,0.010902405,0.0017337799,0.030090332,0.02053833,-0.008605957,0.053131104,-0.00045585632,0.010185242,-0.012779236,0.003036499,0.018249512,0.021606445,0.031829834,0.010070801,0.028823853,0.0019512177,0.021560669,0.03665161,0.046722412,-0.014923096,-0.019683838,0.033721924,-0.005592346,-0.015625,-0.004699707,-0.024505615,-0.0105896,0.038909912,0.0072402954,0.003967285,-0.014923096,0.040283203,0.020187378,-0.025924683,0.008178711,-0.014381409,-0.031555176,0.0038223267,0.016403198,-0.0042266846,-0.0017290115,0.01586914,0.010543823,0.0069351196,-0.030014038,-0.027740479,0.027252197,0.021911621,0.0057754517,-0.031982422,-0.030517578,0.010948181,-0.02407837,0.01637268,0.020645142,0.033203125,0.013954163,0.011177063,0.015274048,-0.0009918213,-0.01965332,-0.013679504,-0.0051956177,-0.006526947,0.00422287,-0.016983032,0.01739502,-0.021316528,-0.0055160522,0.017745972,-0.0076179504,-0.020309448,0.008796692,0.008743286,0.005794525,-0.010520935,-0.0005850792,-0.03125,-0.022628784,0.0071525574,-0.015380859,0.016448975,0.04083252,-0.025634766,-0.020599365,-0.013427734,0.040771484,-0.032318115,-0.01335907,-0.02482605,-0.015686035,0.06890869,0.027709961,-0.008544922,-0.010650635,-0.011161804,-0.0021400452,-0.007297516,0.008346558,-0.0015306473,-0.022598267,0.0084991455,0.017913818,-0.018630981,0.018035889,-0.004245758,0.041778564,-0.0023384094,-0.014694214,-0.030761719,-0.035186768,0.025726318,-0.033477783,0.027511597,0.01474762,-0.028381348,-0.0034732819,0.029876709,-0.008277893,0.02015686,0.0026245117,0.008377075,-0.029571533,-0.024093628,-0.0007634163,0.036956787,0.048034668,0.014656067,0.033721924,0.025787354,0.02041626,0.0066833496,0.025100708,-0.00024414062,-0.011192322,-0.008415222,-0.038330078,-0.020690918,-0.016220093,-0.04864502,0.0023078918,-0.0067214966,-0.012916565,-0.017410278,-0.018051147,-0.020736694,0.0033416748,0.019607544,-0.027359009,0.006389618,-0.0007791519,0.00062799454,-0.009429932,0.014884949,7.4863434e-05,0.044433594,0.0034427643,0.005718231,0.012840271,0.033569336,-0.0031547546,0.0020542145,2.9623508e-05,0.015327454,0.011169434,-0.0021953583,0.015357971,0.006210327,0.023147583,-0.004535675,-0.01789856,-0.015151978,-0.009437561,0.010017395,0.009864807,-0.018051147,0.008979797,-0.016983032,0.00415802,-0.049926758,-0.033721924,-0.0107040405,-0.008895874,0.0020713806,0.026275635,-0.02748108,-0.015686035,0.02809143,-0.004108429,0.045837402,-0.010101318,0.002298355,-0.018310547,0.04345703,0.021911621,0.015487671,0.008895874,-0.0028266907,0.050994873,0.04660034,0.016036987,-0.029785156,-0.015853882,-0.022384644,0.04837036,-0.032592773,-0.0021800995,-0.013885498,-0.0027160645,-0.0063819885,0.01348114,-0.016204834,0.047058105,0.028335571,0.000197649,-0.01638794,-0.00019085407,-0.013717651,-0.02230835,-0.018798828,0.03086853,0.017745972,-0.009117126,0.01828003,-0.044769287,0.0127334595,-0.0057411194,0.012664795,-0.04043579,-0.0039405823,-0.05682373,-0.040527344,0.010391235,-0.007911682,0.0007276535,-0.012611389,0.026733398,-0.016479492,-0.0025920868,-0.0006980896,0.002117157,-0.02079773,0.01322937,-0.008911133,-0.002439499,0.048675537,-0.01927185,-0.013282776,8.2850456e-05,0.054870605,-0.010719299,0.0418396,-0.011756897,0.00091314316,-0.068237305,-0.044708252,-0.013954163,0.011138916,0.006385803,-0.01966858,0.0048828125,0.004722595,0.029525757,0.026809692,0.007129669,-0.01739502,-0.020080566,-0.0093307495,0.017471313,-7.379055e-05,-0.029525757,0.005619049,-0.014884949,-0.022964478,0.02998352,0.027450562,-0.025894165,0.038482666,0.0066490173,-0.012290955,0.04220581,0.0011291504,-0.030822754,0.01927185,-0.012077332,0.025619507,-0.005897522,0.011352539,0.013580322,0.01033783,0.020187378,-0.028839111,-0.021743774,0.029922485,-0.015274048,-0.0001399517,-0.02168274,0.006576538,0.036987305,0.036712646,-0.005607605,0.042388916,-0.02003479,0.00044989586,0.0030021667,-0.027191162,-0.002960205,-0.0058555603,-0.0025997162,-0.019210815,-0.003490448,-0.02508545,0.02696228,0.0009946823,-0.0024108887,0.013374329,-0.0028190613,0.013206482,0.004722595,0.011962891,-0.00033140182,0.043945312,-0.02822876,0.037628174,-0.011833191,-0.0670166,0.01676941,-0.025314331,-0.04498291,-0.0040016174,-0.00091934204,0.030090332,-0.026260376,-0.001499176,0.00017774105,0.006629944,0.0057525635,0.042175293,-0.020767212,0.033325195,-0.02217102,-0.027542114,0.0066833496,0.0068244934,0.0024375916,-0.0034122467,0.004764557,0.028198242,-0.02470398,-0.023788452,0.032165527,0.017150879,-0.016555786,0.00052022934,-0.008056641,-0.006477356,0.030334473,0.05227661,0.001083374,0.01626587,0.023925781,-0.011131287,0.019744873,0.012817383,0.0007891655,-0.023712158,-0.018447876,-0.0042152405,0.0069618225,0.004989624,-0.0209198,-0.0017127991,-0.0070343018,0.0068740845,0.025512695,-0.0041542053,0.03741455,0.015434265,-0.027313232,-0.006374359,0.008140564,0.011116028,0.01259613,0.020706177,0.009765625,-0.023101807,-0.008041382,-0.010566711]"
af4ae731a8e5403baebd1c058b583f9d5ccd24fb#3,af4ae731a8e5403baebd1c058b583f9d5ccd24fb,3,a3c1d88e52bbecbad53dd64f52521204b9607f10c4e85326681f5ef45d2c614a,"## What to read or do next

- [Study and training loans – what's new](https://www.ato.gov.au/individuals-and-families/study-and-training-support-loans/study-and-training-loans-what-s-new)
- [Study and training support loans indexation rates](https://www.ato.gov.au/tax-rates-and-codes/study-and-training-support-loans-indexation-rates)","{""Study and training loan repayment thresholds and rates"",""What to read or do next""}",Study and training loan repayment thresholds and rates,https://www.ato.gov.au/tax-rates-and-codes/study-and-training-support-loans-rates-and-repayment-thresholds,tax-rates-and-codes,,,"{2024-25,2025-26}",1,active,,2026-09-29 03:59:56.332235+00,"- [Study and training loans – what's new](https://www.ato.gov.au/individuals-and-families/study-and-training-support-loans/study-and-training-loans-what-s-new)
- [Study and training support loans indexation rates](https://www.ato.gov.au/tax-rates-and-codes/study-and-training-support-loans-indexation-rates)","[-0.04888916,0.013839722,-0.008666992,-0.014015198,0.004535675,0.05227661,-0.0016918182,0.04333496,0.04434204,-0.043182373,0.020355225,-0.026260376,-0.024261475,0.00033926964,0.024261475,0.00078582764,-0.007534027,0.008140564,-0.037109375,0.073913574,0.015602112,-0.02859497,-0.017852783,0.006175995,-0.005466461,-0.0046844482,0.020553589,-0.03262329,0.01637268,0.015602112,0.043060303,-0.016601562,-0.02947998,0.029876709,-0.024734497,0.020996094,-0.010574341,-0.00554657,0.0362854,-0.05606079,0.02407837,0.021148682,0.036895752,0.03253174,-0.05810547,-0.016204834,0.017593384,-0.01121521,-0.042877197,0.04901123,-0.027954102,0.019439697,-0.016036987,0.0061531067,-0.039764404,0.0077934265,0.012512207,0.0006828308,-0.013900757,-0.011375427,0.03427124,0.052947998,0.010864258,-0.031433105,-0.01159668,0.0046653748,-0.03668213,0.094055176,-0.043304443,-0.084472656,0.03286743,0.0075798035,0.027297974,-0.02003479,-0.004085541,0.00333786,0.0011920929,0.040130615,0.003545761,0.021957397,0.018951416,0.014976501,-0.048797607,-0.0104599,0.023712158,0.016830444,-0.033111572,-0.0049324036,-0.00010192394,-0.024749756,-0.006286621,-0.040374756,-0.059570312,-0.016052246,0.063964844,-0.020568848,-0.01876831,0.0014123917,-0.00027298927,0.0055770874,0.030090332,-0.028549194,-0.01096344,-0.03353882,0.07409668,-0.0031795502,-0.010124207,-0.033081055,0.024887085,-0.021972656,-0.07672119,0.012435913,-0.031311035,0.010307312,0.021591187,-0.06555176,-0.05014038,-0.005344391,0.010551453,-0.020401001,-0.029708862,-0.012573242,-0.0006942749,0.036987305,0.035308838,0.031311035,-0.031555176,0.00982666,-0.07525635,-0.05380249,0.029525757,-0.0071105957,0.02268982,0.016098022,-0.040100098,-0.026641846,0.018600464,0.0008482933,0.0028972626,-0.028747559,0.05126953,-0.00035357475,-0.005634308,0.024856567,-0.0050315857,-0.008522034,-0.015548706,-0.0015096664,0.018234253,-0.031051636,-0.048950195,0.029632568,-0.04925537,0.030334473,-0.049041748,-0.01928711,-0.0028705597,0.03527832,-0.002811432,0.048858643,-0.0032444,0.024108887,-0.01159668,0.03149414,-0.022232056,0.04019165,0.018218994,-0.053253174,-0.08306885,-0.045806885,0.008842468,-0.03074646,-0.03378296,-1.0430813e-05,0.031097412,-0.04257202,0.024658203,-0.04095459,-0.0064888,0.02986145,-0.026016235,-0.0018377304,-0.016433716,0.010154724,0.005542755,-0.03552246,-0.031829834,-0.032226562,-0.014801025,0.0103302,0.016220093,-0.031204224,0.04812622,0.040008545,-0.057128906,-0.029754639,-0.03024292,0.037506104,0.016830444,-0.014297485,0.013221741,-0.032287598,0.012672424,-0.0025787354,-0.0043411255,-0.032409668,-0.0103302,0.05657959,-0.00032567978,-0.002281189,0.054656982,-0.022277832,-0.0044517517,0.031311035,-0.02772522,-0.00039935112,-0.05581665,-0.019439697,0.03225708,0.038635254,0.018035889,-0.020477295,0.038879395,0.042633057,0.029678345,-0.005569458,0.017532349,0.019119263,0.0140686035,-0.046081543,0.005630493,-0.010826111,-0.018844604,-0.01927185,0.00983429,-0.029281616,-0.028747559,-0.057128906,-0.002696991,-0.03616333,-0.009216309,0.020523071,-0.010040283,0.015777588,-0.050201416,-0.011642456,0.0032444,-0.0357666,0.036132812,0.013320923,0.006385803,-0.0061569214,0.011917114,-0.031555176,-0.012886047,-0.080322266,0.025238037,0.04486084,0.004878998,-0.050750732,0.03189087,-0.012992859,-0.019439697,-0.003419876,-0.014030457,0.0052337646,-0.02319336,0.035614014,0.010864258,-0.05596924,0.040771484,0.028839111,-9.87649e-05,0.009757996,0.02508545,0.00969696,0.04650879,0.03414917,0.032226562,0.030792236,-0.025665283,0.029754639,0.015457153,-0.013031006,-0.023742676,0.0038719177,-0.021148682,-0.034606934,-0.0060539246,-0.008506775,0.006046295,0.010284424,0.037231445,-0.021896362,0.008163452,0.028320312,0.018341064,-0.062805176,-0.00043177605,0.037261963,-0.01171875,-0.0023937225,-0.004562378,0.021774292,-0.01626587,0.04748535,0.047027588,0.0016050339,-0.020507812,-0.00070905685,0.021759033,0.021377563,-0.02583313,0.020202637,0.039215088,0.0047798157,0.009544373,-0.0077438354,0.04284668,0.0012292862,-0.006526947,-0.019729614,0.05532837,0.033081055,0.01864624,0.011039734,0.009994507,-0.021362305,-0.019729614,-0.021636963,-0.024536133,-0.026290894,-0.010177612,-0.008468628,-0.016235352,0.08148193,-0.0024604797,0.015319824,0.024627686,-0.01928711,-0.0635376,-0.018737793,-0.015930176,-0.018859863,0.011833191,-0.01676941,0.012138367,-0.007659912,-0.012161255,0.028411865,0.017471313,-0.0032615662,0.04925537,-0.017959595,-0.025634766,0.07562256,0.027511597,-0.047454834,0.019805908,0.029708862,-0.046905518,0.028411865,-0.031204224,0.006958008,0.009674072,0.02128601,-0.024475098,-0.009017944,0.049835205,-0.030288696,-0.014030457,-0.0016508102,0.0015993118,-0.03918457,0.0053901672,-0.030136108,0.011413574,0.029708862,0.024307251,0.025360107,0.07080078,-0.043182373,0.015510559,0.0005841255,0.057678223,0.03933716,0.04916382,0.011116028,0.010528564,-0.0021305084,-0.03982544,0.013916016,0.011009216,0.037384033,0.014350891,0.030670166,0.0057868958,0.091918945,0.026794434,-0.04260254,-0.0060806274,0.002603531,0.0010051727,-0.025512695,0.020889282,0.033996582,-0.031829834,0.05343628,0.062042236,0.011329651,0.021606445,-0.038330078,0.008728027,-0.045318604,-0.007293701,-0.03866577,-0.010864258,0.04272461,-0.022338867,0.019439697,-0.00073194504,-0.04397583,-0.014045715,-0.093444824,-0.003238678,0.026397705,0.019073486,-0.023147583,-0.02758789,-0.009742737,0.0104599,0.03768921,-0.040161133,0.01737976,-0.034210205,-0.029052734,-0.036987305,-0.014007568,0.10736084,-0.014778137,0.05456543,0.009063721,-0.03503418,-0.043548584,-0.04373169,-0.0035877228,-0.04852295,0.009666443,-0.0020828247,-0.016616821,-2.8014183e-05,0.058502197,-0.0027942657,-0.017227173,-0.05621338,-0.060821533,0.005847931,-0.055511475,-0.0028762817,-0.014831543,0.07019043,-0.0075912476,-0.01335907,-0.033294678,0.03970337,-0.009643555,0.028625488,0.010429382,0.004047394,-0.0026683807,0.007534027,0.012680054,-0.031143188,-0.0033817291,-0.007083893,-0.01927185,-0.011047363,-0.048828125,0.032562256,-0.026794434,-0.02748108,-0.01663208,-0.035003662,0.0131073,0.0020694733,0.004917145,0.03652954,0.021087646,-0.046295166,-0.016189575,-0.0057525635,-7.1942806e-05,0.052124023,-0.013397217,0.017944336,-0.003698349,-0.018875122,-0.023849487,-0.008422852,0.002527237,-0.0045280457,0.036071777,0.013160706,0.014640808,0.02003479,0.00017917156,-0.035461426,-0.017562866,-0.0022468567,0.05517578,-0.025939941,0.00046539307,-0.0057792664,0.03112793,0.01260376,0.012817383,0.018951416,0.02671814,0.014793396,0.0001128912,-8.33869e-05,0.032806396,0.009254456,-0.015274048,-0.008384705,-0.026794434,-0.018478394,-0.041534424,-0.017959595,-0.043914795,0.0018997192,-0.025894165,-0.020477295,-0.008132935,-0.020050049,-0.017425537,0.02760315,-0.017288208,-0.03302002,-0.026290894,0.0128479,0.04333496,0.016174316,0.023849487,0.006210327,-0.014274597,0.017974854,-0.0045280457,-0.016036987,-0.028701782,0.027862549,-0.026992798,0.03189087,0.026016235,-0.009216309,-0.020446777,-0.013893127,-0.0058288574,0.014839172,-0.021194458,-0.037506104,-0.053527832,-0.042022705,0.00020837784,-0.00020515919,0.06402588,-0.018585205,-0.045074463,-0.0058784485,-0.010917664,0.02670288,-0.0016126633,0.03250122,-0.01727295,-0.03326416,-0.0032730103,0.018463135,0.0074157715,0.022903442,-0.00067424774,-0.012779236,0.00756073,-0.023498535,-0.015808105,-0.047454834,0.03527832,0.012458801,0.0035114288,-0.026626587,-0.004852295,0.017807007,0.024414062,-0.00013756752,0.007320404,-0.0011959076,-0.03161621,-0.0061912537,0.006996155,-0.0019817352,0.009223938,-0.016921997,-0.015487671,0.013397217,0.03994751,-0.04727173,0.01676941,-0.0385437,-0.035308838,-0.006248474,0.04562378,0.03062439,0.030548096,0.008880615,-0.026260376,0.006061554,-0.0087509155,-0.010383606,0.018035889,-0.0002477169,-0.007987976,-0.018371582,-0.017868042,0.01802063,0.045440674,0.02960205,0.020706177,-0.021102905,-0.011375427,0.026397705,0.024963379,-0.005130768,0.02671814,0.009384155,-0.022125244,-0.04510498,0.008865356,-0.0038452148,-0.025741577,0.02331543,0.009719849,0.038757324,0.035095215,0.03704834,0.012199402,0.041107178,0.012794495,0.0005464554,-0.032806396,-0.02078247,-0.02217102,0.014221191,-0.016326904,-0.025985718,0.020385742,0.021713257,-0.010253906,-0.014976501,-0.026870728,-0.014373779,0.05218506,-0.014839172,0.008239746,0.034210205,-0.028442383,-0.0030269623,-0.024032593,-0.0026798248,0.016571045,0.018096924,-0.02684021,-0.10852051,-0.009918213,0.028320312,0.016326904,-0.01878357,-0.01777649,-0.008766174,-0.012802124,-0.05117798,-0.005168915,0.01361084,0.0020637512,-0.040130615,0.014411926,-0.018249512,-0.006088257,0.018997192,-0.01209259,0.02760315,0.009277344,0.008262634,-0.013801575,0.045532227,0.006126404,0.03326416,-0.0014276505,-0.02810669,0.026763916,0.003238678,-0.04425049,0.042297363,-0.004131317,0.00919342,-0.025039673,-0.030258179,-0.0009331703,-0.01940918,-0.025146484,0.0635376,-0.0368042,-0.0056915283,0.0006504059,0.02017212,0.017700195,0.010169983,0.023483276,0.02760315,-0.02229309,0.013877869,0.0034656525,0.0309906,0.024230957,0.03527832,-0.011329651,0.005241394,-0.021057129,-0.03314209,0.022903442,-0.008239746,0.027328491,0.035217285,0.021438599,-0.024368286,-0.0045394897,0.010536194,0.027297974,-0.042297363,0.031402588,-0.0007133484,-0.011940002,0.012039185,-0.0033054352,0.027786255,0.015777588,0.013092041,0.025894165,-0.0035266876,0.024719238,0.006248474,-0.0042686462,0.008331299,0.008979797,0.049987793,-0.016738892,0.030471802,-0.015487671,0.018981934,0.018554688,-0.0033111572,-0.013336182,0.00089120865,0.011352539,0.017456055,0.033447266,0.018203735,0.009918213,-0.037963867,0.01727295,0.012168884,0.012420654,0.018966675,0.0031337738,-0.022064209,0.004398346,-0.009223938,-0.0014638901,0.0058784485,-0.03414917,0.014457703,-0.032226562,-0.00856781,0.0073623657,-0.0026245117,0.006801605,-0.015701294,0.005012512,-0.012367249,-0.036499023,-0.019226074,-0.022705078,-0.020065308,-0.04095459,-0.0010347366,-0.016296387,-0.01234436,0.024337769,0.0028896332,-0.04776001,-0.029251099,-0.0019569397,0.01449585,0.027252197,-0.012283325,0.0006990433,0.042541504,0.014373779,-0.013381958,0.00096797943,0.0050811768,-0.026626587,-0.043182373,0.035125732,0.019958496,0.015655518,0.011665344,0.051879883,0.03994751,0.0010843277,0.0026054382,-0.02166748,0.049682617,0.01751709,-0.0063209534,0.014953613,0.0074768066,0.04006958,0.0064697266,0.015380859,0.046203613,0.021438599,0.027359009,0.0016908646,-0.017471313,-0.018463135,0.06555176,0.008293152,0.0024223328,0.022720337,-0.005168915,0.043914795,0.03479004,0.009666443,0.020248413,-0.041412354,0.029525757,0.03503418,-0.017669678,0.025024414,0.01777649,0.026245117,-0.022537231,-0.011940002,-0.028137207,-0.015068054,-0.003993988,0.0036239624,-0.0050735474,0.0309906,-0.008201599,-0.025863647,-0.0042762756,-0.0012016296,0.020385742,-0.018707275,0.018798828,0.01965332,0.010406494,-0.022644043,-0.004360199,-0.034606934,0.010787964,-0.027252197,-0.011520386,-0.042663574,-0.019515991,0.0057411194,-0.028823853,0.057739258,-0.021148682,0.014083862,0.023468018,0.018356323,0.00819397,0.015914917,-0.0051574707,0.035003662,-0.036468506,0.014083862,-0.024627686,0.019165039,-0.0069885254,-0.015083313,0.0446167,-0.01838684,0.029129028,-0.012016296,0.009536743,0.004009247,0.01751709,0.00522995,-0.031280518,0.03286743,0.0079422,0.03778076,0.032348633,0.011054993,-0.013168335,0.021270752,0.009223938,0.017333984,0.0037994385,-0.03274536,-0.008659363,-0.008590698,0.051696777,0.008216858,0.008262634,0.022583008,0.010543823,-0.02520752,-0.003068924,-0.0036945343,-0.0026397705,0.0015573502,-0.012435913,-0.008621216,0.020309448,0.028411865,-0.004047394,-0.010505676,0.038238525,0.011116028,-0.030548096,0.007827759,0.0052833557,0.041259766,-0.0016918182,0.0059890747,-0.014198303,-0.0018997192,-0.011749268,0.00055122375,-0.0146865845,-0.05581665,0.009475708,0.04510498,-0.00038528442,0.044006348,-0.012901306,-0.014205933,-0.0042915344,0.01914978,-0.01777649,0.0033931732,0.0017518997,-0.009979248,-0.080078125,0.013298035,0.019851685,-0.020248413,0.0020618439,-0.008300781,0.015281677,-0.0015115738,-0.024963379,0.03768921,-0.014755249,0.027130127,0.023757935,-0.001660347,0.057037354,0.052978516,-0.010223389,0.01272583,-0.02067566,0.049987793,-0.004295349,0.015808105,-0.011650085,-0.00026631355,-0.03338623,0.052581787,-0.012794495,-0.0184021,-0.008125305,0.021591187,0.0047912598,0.023620605,0.023666382,0.046875,-0.024475098,-0.021331787,-0.007003784,-0.026565552,-0.0025424957,-0.008506775,-0.0034694672,-0.007949829,0.011131287,0.016952515,0.045166016,0.004322052,0.019348145,0.02180481,-0.021652222,0.050689697,0.010108948,-0.009033203,-0.0158844,-0.00957489,-0.032806396,-0.014030457,0.0007286072,-0.01828003,-0.037322998,-0.04849243,0.016708374,-0.017471313,-0.021133423,-0.0059509277,0.012245178,-0.027908325,0.02935791,0.04650879,0.015533447,0.015548706,-0.014678955,-0.011001587,0.026947021,-0.014549255,0.023727417,0.007873535,-0.023544312,0.010498047,0.052215576,-0.03314209,-0.0209198,-0.00096321106,0.021728516,0.002105713,-0.03250122,-0.026763916,0.01586914,0.0309906,-0.027511597,0.0008301735,0.0068588257,-0.0023040771,0.012207031,-0.011039734,0.0032196045,-0.017089844,-0.0019407272,0.024276733,-0.0004541874,0.040222168,0.02722168,-0.0028305054,0.011138916,-0.0049934387,0.0037174225,-0.008979797,0.018432617,-0.021865845,0.027404785,0.0027275085,0.06384277,-0.016311646,-0.011833191,0.026062012,0.024124146,-0.010536194,0.014122009,0.050323486,0.00010597706,0.03994751,0.012817383,-0.011726379,-0.0006971359,0.047607422,-0.017211914,0.015220642,-0.055908203,-0.005138397,-0.008804321,-0.02520752,0.053955078,0.015991211,0.006580353,0.013702393,0.0062294006,0.0048942566,-0.015823364,0.018997192,0.022857666,-0.00068569183,0.002023697,0.04171753,0.003124237,0.012237549,0.007358551,-0.034240723,-0.0020713806,0.014221191,-0.024765015,-0.040802002,-0.00920105,0.012374878,0.011383057,-0.033355713,0.0071907043,-0.011871338,-0.015777588,-0.012382507,-0.03024292,-0.016174316,-0.0054130554,0.037902832,0.0061073303,-0.016174316,0.0061798096,-0.022079468,0.00258255,-0.008102417,-0.026901245,0.022445679,-0.00042390823,0.0065994263,0.009864807,-0.01524353,0.011940002,-0.03842163,0.0026073456,0.032684326,0.003522873,-0.021362305,-0.017974854,-0.006542206,0.014457703,0.009468079,-0.02166748,-0.0018997192,-0.011634827,-0.0317688,-0.007358551,-0.0016860962,0.0015306473,0.09436035,0.04043579,-0.006160736,-0.012748718,0.010887146,-0.00026631355,-0.032165527,-0.0017776489,-0.015571594,-0.010154724,-0.015525818,0.026168823,0.004650116,-0.016235352,0.0022258759,-0.003921509,0.00497818,0.02217102,0.052124023,0.006298065,0.0009937286,-0.00573349,-0.016098022,-0.020904541,-0.007484436,0.0050354004,0.017166138,0.018661499,0.015571594,-0.022628784,0.04159546,-0.020721436,0.02154541,0.006023407,-0.043914795,-0.0011959076,-0.0007343292,-0.020584106,-0.0020275116,0.0050354004,-0.0077934265,0.009185791,0.014678955,0.02116394,-0.024398804,-0.028320312,0.010192871,-0.01008606,0.0070724487,0.017684937,-0.026321411,-0.016799927,0.011497498,0.0022392273,0.005256653,-0.006038666,0.018875122,-0.02330017,0.01335907,0.0016307831,0.0036087036,9.4652176e-05,-0.029205322,0.0025787354,-0.018936157,0.023971558,-0.019592285,0.015159607,-0.036071777,-0.009254456,0.010818481,-0.0026226044,-0.02279663,0.021118164,-0.0017490387,0.003501892,0.027801514,0.0010652542,-0.026031494,0.023773193,0.0115356445,0.034606934,0.009162903,0.042144775,-0.028671265,-0.018127441,-0.030181885,-0.0209198,-0.015487671,-0.028411865,-0.04763794,-0.0104599,0.06549072,0.04260254,0.02281189,0.009094238,-0.004627228,0.000895977,0.015609741,0.006416321,0.03253174,-0.013420105,-0.030761719,0.012634277,-0.017166138,-0.01979065,-0.021621704,0.0076904297,0.021606445,0.0030994415,-0.003479004,-0.009460449,0.010818481,-0.03652954,0.0058898926,0.00035238266,-0.037994385,-0.015701294,0.016479492,-0.002407074,-0.002943039,-0.014625549,-0.0075798035,0.0040397644,-0.0050697327,-0.015571594,0.009719849,0.0138549805,-0.019210815,0.03503418,0.0075912476,0.0011320114,0.014053345,0.01184082,0.00085783005,0.04248047,-0.018173218,-0.0048217773,0.029876709,-0.012512207,0.012741089,0.030944824,0.0068969727,0.012191772,0.016693115,-0.0030784607,-0.00340271,-0.007686615,0.011192322,-0.044189453,0.02609253,0.005756378,-0.013092041,0.010154724,0.022918701,-0.01676941,-0.0030975342,0.00043320656,-0.016113281,0.02029419,0.021713257,-0.008201599,-0.028793335,-0.010635376,0.025253296,0.012939453,-0.0035114288,0.017440796,0.01524353,0.0013074875,-0.04333496,-0.018066406,-0.011276245,-0.013977051,-0.028839111,0.0040779114,-0.00068187714,0.01776123,-0.011543274,-0.00022137165,-0.029708862,-0.012870789,-0.055419922,0.011238098,-0.0038909912,-0.020889282,-0.014778137,-0.009033203,0.005783081,-0.009025574,0.024856567,-0.014129639,0.015838623,0.0017948151,0.05444336,0.0010576248,-0.011291504,-0.00011467934,-0.0074157715,0.010726929,-0.013053894,0.014968872,-0.024291992,0.007572174,-0.0043792725,0.033111572,-0.017196655,0.03692627,-0.030166626,-0.002811432,-0.0009918213,0.008720398,-0.03125,0.0118637085,0.012382507,0.027297974,-0.013336182,0.0028839111,0.0038051605,-0.02659607,-0.015274048,0.01146698,0.006477356,-0.013084412,0.020309448,0.012527466,0.028015137,-0.010070801,-0.0032482147,-0.015792847,-0.012268066,-0.033996582,-0.0027542114,-0.012550354,0.0067481995,0.041107178,-2.8073788e-05,0.018539429,0.0034484863,-0.010345459,-0.012161255,0.003232956,-0.004535675,0.026763916,0.0068244934,0.013679504,0.02671814,0.0043525696,-0.037475586,-0.0036697388,0.010215759,-0.013031006,-0.003156662,-0.013198853,0.0071372986,-0.0028686523,-0.0146484375,0.0041923523,-0.009162903,-0.034484863,0.01638794,0.021972656,0.015335083,0.026870728,0.0016908646,0.023361206,0.0056991577,-0.021255493,-0.01889038,-0.01423645,0.0067253113,-0.021575928,0.019592285,-0.024429321,-0.0023059845,0.031799316,0.004901886,-0.002401352,0.012687683,0.0019044876,0.012107849,0.03488159,0.015571594,-0.056793213,-0.009483337,-0.0044822693,-0.005001068,0.027755737,-0.01725769,0.0345459,0.04156494,-0.0020217896,-0.002943039,-0.035186768,0.0077285767,-0.005317688,-0.002866745,-0.019729614,-0.021591187,0.006504059,-0.0066223145,-0.028869629,0.039123535,-0.0037899017,0.010292053,0.011367798,0.01386261,0.018356323,-0.022918701,-0.0015649796,-0.020767212,-0.009353638,-0.025390625,0.028213501,-0.017547607,-0.0009522438,-0.0035133362,0.009521484,0.03086853,0.009803772,0.027877808,0.008895874,0.02508545,-0.02809143,0.012046814,-0.008865356,-0.032806396,0.018844604,-0.01083374,0.0146865845,0.009025574,0.024505615,-0.009315491,-0.010681152,-0.01727295,0.010108948,0.0082092285,0.032226562,-0.008003235,-0.030593872,-0.0058937073,0.0118637085,-0.014816284,0.02268982,-0.016555786,0.04071045,-0.011161804,-0.004787445,-0.004184723,-0.009880066,0.00308609,0.002943039,0.038024902,0.024246216,0.0077285767,-0.015625,0.023208618,0.021499634,0.030319214,-0.04925537,-0.01071167,0.013198853,-0.028915405,0.072631836,0.010757446,-0.0023956299,-0.040222168,-0.03338623,-0.014167786,-0.0043640137,0.00223732,-0.026168823,0.009162903,0.011512756,0.008918762,0.002708435,0.003967285,0.029434204,-0.0004479885,-0.035369873,0.009941101,-0.027359009,0.032958984,-0.004634857,0.036621094,0.006755829,-0.006225586,-0.021575928,-0.0072250366]"
